Nombre,Domicilio,Localidad,Departamento,Provincia,Otro Domicilio,Piso,CP,Teléfono,Mail,Web,Información adicional,Latitud,Longitud,Actividad Específica,Denominación Específica,Fuente,Sector,Categoría,Seleccione el tipo de gestión,Cantidad de pantallas,Cantidad de butacas,Referente
"Cine Teatro Español","Calle 9 entre 29 Y 30","25 de Mayo","25 de Mayo (Buenos Aires)","Buenos Aires","","","6660","s/d","s/d","https://www.instagram.com/teatro_espanol/","","-35.43048800000000000000","-60.17068600000000000000","","","INCAA / SInCA","Cine","Salas de cine","Público municipal","1","500",""
"Cine Santa Rosa De Lima","Santa Rosa De Lima 170","30 de Agosto","Trenque Lauquen (Buenos Aires)","Buenos Aires","","","6405","s/d","s/d","https://www.trenquelauquen.gov.ar","","-36.27850800000000000000","-62.54435500000000000000","","","INCAA / SInCA","Cine","Salas de cine","Público municipal","1","410",""
"Tu Cine 9 de Julio","Robbio 840","9 de Julio","9 de Julio (Buenos Aires)","Buenos Aires","","","6500","s/d","s/d","http://9dejulio.tucine.com.ar/","","-35.44626480000000000000","-60.88578870000000000000","","","INCAA / SInCA","Cine","Salas de cine","Privado comercial","1","165",""
"Cinema Adrogue","Hipolito Yrigoyen 13200","Almirante Brown","Almirante Brown (Buenos Aires)","Buenos Aires","","","1846","s/d","s/d","https://www.cinemaadrogue.com/","","-34.80811000000000000000","-58.40240000000000000000","","","INCAA / SInCA","Cine","Salas de cine","Privado comercial","10","2505",""
"CPM Paseo Adrogue","Segui 699","Almirante Brown","Almirante Brown (Buenos Aires)","Buenos Aires","","","1846","s/d","s/d","https://cpmcines.com/","","-34.80009700000000000000","-58.39675300000000000000","","","INCAA / SInCA","Cine","Salas de cine","Privado comercial","4","710",""
"Cinemark Alto Avellaneda","Guemes 897","Avellaneda","Avellaneda (Buenos Aires)","Buenos Aires","","","1870","s/d","s/d","https://www.cinemarkhoyts.com.ar/","","-34.67799300000000000000","-58.36723000000000000000","","","INCAA / SInCA","Cine","Salas de cine","Privado comercial","6","1275",""
"Cinepolis Avellaneda","Autopista Bs. As. - La Plata Km 6","Avellaneda","Avellaneda (Buenos Aires)","Buenos Aires","","","1870","s/d","s/d","https://www.cinepolis.com.ar/","","-34.68020600000000000000","-58.33277700000000000000","","","INCAA / SInCA","Cine","Salas de cine","Privado comercial","16","3485",""
"Flix Cinema","Bolivar 416","Azul","Azul (Buenos Aires)","Buenos Aires","","","7300","s/d","s/d","http://azul.flixcinema.com.ar/","","-36.77836000000000000000","-59.86478300000000000000","","","INCAA / SInCA","Cine","Salas de cine","Privado comercial","1","160",""
"Cine Vision","Belgrano 153","Bahia Blanca","Bahia Blanca (Buenos Aires)","Buenos Aires","","","8000","s/d","s/d","https://www.cinesdelcentrobb.com.ar/","","-38.71814900000000000000","-62.26212200000000000000","","","INCAA / SInCA","Cine","Salas de cine","Privado comercial","3","907",""
"Cine Visual","Chiclana 452","Bahia Blanca","Bahia Blanca (Buenos Aires)","Buenos Aires","","","8000","s/d","s/d","http://www.cinesdelcentrobb.com.ar/","","-38.72210300000000000000","-62.26150700000000000000","","","INCAA / SInCA","Cine","Salas de cine","Privado comercial","2","501",""
"Cinemacenter Bahia Blanca","Av. Sarmiento 2153","Bahia Blanca","Bahia Blanca (Buenos Aires)","Buenos Aires","","","8000","s/d","s/d","http://www.cinemacenter.com.ar/","","-38.69877700000000000000","-62.24404300000000000000","","","INCAA / SInCA","Cine","Salas de cine","Privado comercial","7","1501",""
"Cine Paris 2D Balcarce","Calle 18 684","Balcarce","Balcarce (Buenos Aires)","Buenos Aires","","","7620","s/d","s/d","https://www.facebook.com/CineParisBalcarce/","","-37.84856700000000000000","-58.25622500000000000000","","","INCAA / SInCA","Cine","Salas de cine","Privado comercial","1","272",""
"Centro Cultural Atilio Marinelli","Otamendi y Av. San Martin","Benito Juarez","Benito Juarez (Buenos Aires)","Buenos Aires","","","7020","s/d","s/d","Facebook: Centro Cultural Atilio Marinelli de Benito Juárez","","-37.68266300000000000000","-59.81605200000000000000","","","INCAA / SInCA","Cine","Salas de cine","Público municipal","1","350",""
"Cine Avenida","Av. San Martin 642","San Carlos de Bolivar","Bolivar (Buenos Aires)","Buenos Aires","","","6550","s/d","s/d","https://www.facebook.com/cineavenidabolivar/","Espacio INCAA","-36.23122400000000000000","-61.11336700000000000000","","","INCAA / SInCA","Cine","Salas de cine","Privado comercial","1","256",""
"Cinemark Soleil","Bernardo De Yrigoyen 2647","San Isidro","San Isidro (Buenos Aires)","Buenos Aires","","","1609","s/d","s/d","https://www.cinemarkhoyts.com.ar","","-34.49098200000000000000","-58.58856000000000000000","","","INCAA / SInCA","Cine","Salas de cine","Privado comercial","6","1895",""
"Centro Cultural Florencio Constantino","Belgrano 1260","Bragado","Bragado (Buenos Aires)","Buenos Aires","","","6640","s/d","s/d","","Espacio INCAA","-35.11502000000000000000","-60.48939100000000000000","","","INCAA / SInCA","Cine","Salas de cine","Público municipal","1","750",""
"Cine Teatro Paramount","Tres De Febrero 2561","Tres de Febrero","Tres de Febrero (Buenos Aires)","Buenos Aires","","","1678","s/d","s/d","https://www.tresdefebrero.gov.ar/tema/cine-teatro-paramount/","Espacio INCAA","-34.60539600000000000000","-58.56397700000000000000","","","INCAA / SInCA","Cine","Salas de cine","Público municipal","2","645",""
"Cine Teatro Avenida","Av. 25 De Mayo 540","Castelli","Castelli (Buenos Aires)","Buenos Aires","","","7114","s/d","s/d","Facebook: Cine Teatro Avenida","Espacio INCAA","-36.08990010000000000000","-57.80302170000000000000","","","INCAA / SInCA","Cine","Salas de cine","Público municipal","1","254",""
"Cine Teatro Español","Pueyrredón 29","Chacabuco","Chacabuco (Buenos Aires)","Buenos Aires","","","6740","s/d","s/d","http://cinemachacabuco.com.ar/","","-34.64121400000000000000","-60.47163500000000000000","","","INCAA / SInCA","Cine","Salas de cine","Privado comercial","1","700",""
"Teatro Italiano Espacio INCAA","Av. Alsina 29","Chacabuco","Chacabuco (Buenos Aires)","Buenos Aires","","","6740","s/d","s/d","Facebook: Teatro Italiano - Galería de Arte","Espacio INCAA","-34.64301860000000000000","-60.47003740000000000000","","","INCAA / SInCA","Cine","Salas de cine","Público municipal","1","289",""
"Cine Español Chivilcoy","Av. Soarez 86","Chivilcoy","Chivilcoy (Buenos Aires)","Buenos Aires","","","6620","s/d","s/d","https://www.facebook.com/cinechivilcoy/","","-34.90193000000000000000","-60.01545600000000000000","","","INCAA / SInCA","Cine","Salas de cine","Privado comercial","1","500",""
"Metropol","Av. Ceballos 29","Chivilcoy","Chivilcoy (Buenos Aires)","Buenos Aires","","","6620","s/d","s/d","https://www.facebook.com/CineMetropolChivilcoy/","","-34.89584400000000000000","-60.02049300000000000000","","","INCAA / SInCA","Cine","Salas de cine","Privado comercial","1","500",""
"Tu Cine Chivilcoy","Pellegrini 225","Chivilcoy","Chivilcoy (Buenos Aires)","Buenos Aires","","","6620","s/d","s/d","http://chivilcoy.tucine.com.ar/","","-34.89311790000000000000","-60.01606490000000000000","","","INCAA / SInCA","Cine","Salas de cine","Privado comercial","2","348",""
"Nuevo Ciudadela","Av. Maipu 3927","Tres de Febrero","Tres de Febrero (Buenos Aires)","Buenos Aires","","","1702","s/d","s/d","","","-34.63977200000000000000","-58.54124000000000000000","","","INCAA / SInCA","Cine","Salas de cine","Privado comercial","2","350",""
"Cine Teatro Colon","Calle 48 Y 19","Colon","Colon (Buenos Aires)","Buenos Aires","","","2720","s/d","s/d","http://cineteatrocolon.com.ar","","-33.90623700000000000000","-61.11381000000000000000","","","INCAA / SInCA","Cine","Salas de cine","Privado comercial","1","270",""
"Cine Teatro Helios","Boulevard San Martin 3076","Moron","Moron (Buenos Aires)","Buenos Aires","","","1684","s/d","s/d","","Espacio INCAA","-34.60392100000000000000","-58.59290400000000000000","","","INCAA / SInCA","Cine","Salas de cine","Privado comercial","1","349",""
"Canning Multiplex","Formosa 653","Ezeiza","Ezeiza (Buenos Aires)","Buenos Aires","","Piso 1","1804","s/d","s/d","https://www.multiplex.com.ar/","","-34.85611400000000000000","-58.50466400000000000000","","","INCAA / SInCA","Cine","Salas de cine","Privado comercial","6","1132",""
"Cinemacenter Florencio Varela","Av. San Martin 554","Florencio Varela","Florencio Varela (Buenos Aires)","Buenos Aires","","","1888","s/d","s/d","http://www.cinemacenter.com.ar/","","-34.77971400000000000000","-58.27941700000000000000","","","INCAA / SInCA","Cine","Salas de cine","Privado comercial","6","1327",""
"Cine Teatro Español","Larrea 688","General Belgrano","General Belgrano (Buenos Aires)","Buenos Aires","","","7223","s/d","s/d","","","-35.76714300000000000000","-58.49599500000000000000","","","INCAA / SInCA","Cine","Salas de cine","Público municipal","1","378",""
"Espacio INCAA Gral Madariaga","Dr. Carlos Madariaga 499","General Juan Madariaga","General Juan Madariaga (Buenos Aires)","Buenos Aires","","","7163","s/d","s/d","","Espacio INCAA","-36.99869900000000000000","-57.13412100000000000000","","","INCAA / SInCA","Cine","Salas de cine","Público municipal","1","230",""
"CPM Catan","Ruta 3 Km 29 Bj Manuel De Rosas 14457","La Matanza","La Matanza (Buenos Aires)","Buenos Aires","","","1759","s/d","s/d","https://cpmcines.com","","-34.76103200000000000000","-58.61558200000000000000","","","INCAA / SInCA","Cine","Salas de cine","Privado comercial","6","1114",""
"Showcase Cinemas Haedo","Dr. Luis Guemes 393","Moron","Moron (Buenos Aires)","Buenos Aires","","","1706","s/d","s/d","https://www.todoshowcase.com/","","-34.64406800000000000000","-58.59564300000000000000","","","INCAA / SInCA","Cine","Salas de cine","Privado comercial","14","3890",""
"Tu Cine Junin","Jorge Newbery 263","Junin","Junin (Buenos Aires)","Buenos Aires","","","6000","s/d","s/d","http://www.tucine.com.ar","","-34.58354600000000000000","-60.94538700000000000000","","","INCAA / SInCA","Cine","Salas de cine","Privado comercial","3","453",""
"Cine Municipal Ecoselect","19 Y 51","La Plata","La Plata (Buenos Aires)","Buenos Aires","","Piso 2","1900","s/d","s/d","http://www.cultura.laplata.gov.ar","Espacio INCAA","-34.92654600000000000000","-57.96157700000000000000","","","INCAA / SInCA","Cine","Salas de cine","Público municipal","1","60",""
"Cine Municipal Select","Calle 50 entre 6 y 7","La Plata","La Plata (Buenos Aires)","Buenos Aires","","","1900","s/d","s/d","http://www.cultura.laplata.gov.ar/lugar/cine-municipal-select","Espacio INCAA","-34.91423980000000000000","-57.94922620000000000000","","","INCAA / SInCA","Cine","Salas de cine","Público municipal","1","174",""
"Cinema 8","Calle 8 981","La Plata","La Plata (Buenos Aires)","Buenos Aires","","","1900","s/d","s/d","http://www.cinemalaplata.com/","","-34.91699590000000000000","-57.94931480000000000000","","","INCAA / SInCA","Cine","Salas de cine","Privado comercial","3","1084",""
"Cinema City","Calle 50 723","La Plata","La Plata (Buenos Aires)","Buenos Aires","","","1900","s/d","s/d","http://www.cinemalaplata.com/","","-34.91708720000000000000","-57.95242850000000000000","","","INCAA / SInCA","Cine","Salas de cine","Privado comercial","3","640",""
"Cinema Paradiso","Calle 46 780","La Plata","La Plata (Buenos Aires)","Buenos Aires","","","1900","s/d","s/d","http://www.cinemalaplata.com","","-34.91573400000000000000","-57.95674200000000000000","","","INCAA / SInCA","Cine","Salas de cine","Privado comercial","4","603",""
"Cinema Rocha","Calle 49 621","La Plata","La Plata (Buenos Aires)","Buenos Aires","","","1900","s/d","s/d","http://www.cinemalaplata.com","","-34.91472000000000000000","-57.95089800000000000000","","","INCAA / SInCA","Cine","Salas de cine","Privado comercial","6","1613",""
"Cinema San Martin","Calle 7 923","La Plata","La Plata (Buenos Aires)","Buenos Aires","","","1900","s/d","s/d","http://www.cinemalaplata.com","","-34.91532090000000000000","-57.94927540000000000000","","","INCAA / SInCA","Cine","Salas de cine","Privado comercial","7","2184",""
"Coto Lanus","Warnes 2450","Lanus","Lanus (Buenos Aires)","Buenos Aires","","","1824","s/d","s/d","https://www.zonacines.com.ar","","-34.69019200000000000000","-58.41905700000000000000","","","INCAA / SInCA","Cine","Salas de cine","Privado comercial","8","2037",""
"San Martin","San Martin 593","Las Flores","Las Flores (Buenos Aires)","Buenos Aires","","","7200","s/d","s/d","http://www.cinesanmartin3d.com.ar/","","-36.01559900000000000000","-59.09858300000000000000","","","INCAA / SInCA","Cine","Salas de cine","Privado comercial","1","0",""
"Las Toninas","Calle 7 1564 Entre 36 Y 38","Las Toninas","La Costa (Buenos Aires)","Buenos Aires","","","7106","s/d","s/d","","","-36.49460400000000000000","-56.69602200000000000000","","","INCAA / SInCA","Cine","Salas de cine","Privado comercial","1","245",""
"Cine Club Jorge Newbery","Av. Massey 839","Lincoln","Lincoln (Buenos Aires)","Buenos Aires","","","6070","s/d","s/d","https://www.facebook.com/clubjorgenewberylincoln/","Espacio INCAA","-34.86604200000000000000","-61.52790700000000000000","","","INCAA / SInCA","Cine","Salas de cine","Privado comercial","1","483",""
"Cine Teatro Italiano","9 De Julio 142","Lobos","Lobos (Buenos Aires)","Buenos Aires","","","7240","s/d","s/d","https://www.facebook.com/teatrocineitaliano/","Espacio INCAA","-35.18483260000000000000","-59.09585510000000000000","","","INCAA / SInCA","Cine","Salas de cine","Público municipal","1","350",""
"Cinemark Malvinas Argentinas","Av. Illia 3770","Malvinas Argentinas","Malvinas Argentinas (Buenos Aires)","Buenos Aires","","","1613","s/d","s/d","https://www.cinemarkhoyts.com.ar","","-34.53069700000000000000","-58.70311300000000000000","","","INCAA / SInCA","Cine","Salas de cine","Privado comercial","10","2414",""
"Leonardo Favio","Mitre 841","Los Toldos","General Viamonte (Buenos Aires)","Buenos Aires","","","6015","s/d","s/d","","","-35.00025200000000000000","-61.03752500000000000000","","","INCAA / SInCA","Cine","Salas de cine","Privado comercial","1","330",""
"Cinepolis Luján","R. Payró y Mario Bravo","Lujan","Lujan (Buenos Aires)","Buenos Aires","","","6702","s/d","s/d","https://www.cinepolis.com.ar/","","-34.54615300000000000000","-59.10946300000000000000","","","INCAA / SInCA","Cine","Salas de cine","Privado comercial","6","1182",""
"Cinema Rosso","Lavalle 410","Lujan","Lujan (Buenos Aires)","Buenos Aires","","","6700","s/d","s/d","www.cinemarossolujan.com/","","-34.56415200000000000000","-59.11585200000000000000","","","INCAA / SInCA","Cine","Salas de cine","Privado comercial","2","197",""
"Cine Teatro Sociedad Italiana","Rivadavia 555","Maipu","Maipu (Buenos Aires)","Buenos Aires","","","7160","s/d","s/d","https://www.facebook.com/CineTeatroSociedadItalianaMaipu","Espacio INCAA","-36.86123100000000000000","-57.88315200000000000000","","","INCAA / SInCA","Cine","Salas de cine","Privado comercial","1","450",""
"Atlantica California","Hipolito Irigoyen 18","Mar de Ajo - San Bernardo","La Costa (Buenos Aires)","Buenos Aires","","","7112","s/d","s/d","https://www.facebook.com/cinecaliforniamardeajo/","","-36.72659800000000000000","-56.67531300000000000000","","","INCAA / SInCA","Cine","Salas de cine","Privado comercial","2","551",""
"Ambassador","Cordoba 1673","Mar del Plata","General Pueyrredon (Buenos Aires)","Buenos Aires","","","7600","s/d","s/d","http://www.cinemacenter.com.ar/","","-37.99907700000000000000","-57.54691400000000000000","","","INCAA / SInCA","Cine","Salas de cine","Privado comercial","4","947",""
"Cine Cristal","Entre Rios 1783","Mar del Plata","General Pueyrredon (Buenos Aires)","Buenos Aires","","","7600","s/d","s/d","","","-38.00220900000000000000","-57.54338800000000000000","","","INCAA / SInCA","Cine","Salas de cine","Privado comercial","2","40",""
"Cines Paseo Aldrey","Alberti 1610","Mar del Plata","General Pueyrredon (Buenos Aires)","Buenos Aires","","","7600","s/d","s/d","http://www.cinemacenter.com.ar/","","-38.01162000000000000000","-57.54293900000000000000","","","INCAA / SInCA","Cine","Salas de cine","Privado comercial","6","1121",""
"Herodes","Belgrano 2327","Mar del Plata","General Pueyrredon (Buenos Aires)","Buenos Aires","","","7600","s/d","s/d","","","-38.00241600000000000000","-57.54538600000000000000","","","INCAA / SInCA","Cine","Salas de cine","Privado comercial","2","120",""
"Paseo Diagonal","Belgrano Y Diag. Pueyrredon 3058","Mar del Plata","General Pueyrredon (Buenos Aires)","Buenos Aires","","","7600","s/d","s/d","","","-37.99894000000000000000","-57.55226200000000000000","","","INCAA / SInCA","Cine","Salas de cine","Privado comercial","4","687",""
"T.E.Y.C.I. Cinema","Rivadavia 3050","Mar del Plata","General Pueyrredon (Buenos Aires)","Buenos Aires","","","7600","s/d","s/d","http://www.cinemacenter.com.ar/","","-37.99796500000000000000","-57.55201900000000000000","","","INCAA / SInCA","Cine","Salas de cine","Privado comercial","2","487",""
"Teatro Auditorium","Bv. Maritimo 2280","Mar del Plata","General Pueyrredon (Buenos Aires)","Buenos Aires","","","7600","s/d","s/d","http://programacionauditorium.blogspot.com/","","-38.00671800000000000000","-57.54556100000000000000","","","INCAA / SInCA","Cine","Salas de cine","Público provincial","3","1563",""
"Hoyts Unicenter","Parana 3745","San Isidro","San Isidro (Buenos Aires)","Buenos Aires","","","1640","s/d","s/d","https://www.cinemarkhoyts.com.ar/","","-34.50892100000000000000","-58.52347100000000000000","","","INCAA / SInCA","Cine","Salas de cine","Privado comercial","16","3427",""
"Cine Mercedes","Calle 20 728","Mercedes","Mercedes (Buenos Aires)","Buenos Aires","","","6600","s/d","s/d","http://cinemercedes.com/","","-34.65227800000000000000","-59.43305700000000000000","","","INCAA / SInCA","Cine","Salas de cine","Privado comercial","1","190",""
"Cine Atlantico","Calle 21 1564","Miramar","General Alvarado (Buenos Aires)","Buenos Aires","","","7607","s/d","s/d","http://www.cineteatroatlantico.com.ar/","","-38.26812900000000000000","-57.84106600000000000000","","","INCAA / SInCA","Cine","Salas de cine","Privado comercial","1","902",""
"Hoyts Moreno","Av. Victorica 1128","Moreno","Moreno (Buenos Aires)","Buenos Aires","","","1744","s/d","s/d","https://www.cinemarkhoyts.com.ar/","","-34.63564700000000000000","-58.79196800000000000000","","","INCAA / SInCA","Cine","Salas de cine","Privado comercial","10","2476",""
"Hoyts Moron","Juan Manuel De Rosas 658","Moron","Moron (Buenos Aires)","Buenos Aires","","","1744","s/d","s/d","https://www.cinemarkhoyts.com.ar/","","-34.63496800000000000000","-58.62930500000000000000","","","INCAA / SInCA","Cine","Salas de cine","Privado comercial","8","1865",""
"T. Municipalidad G. De La Ferrere","Alte. Brown 990","Moron","Moron (Buenos Aires)","Buenos Aires","","","1708","s/d","s/d","http://www.moron.gob.ar","Espacio INCAA","-34.65118800000000000000","-58.62193100000000000000","","","INCAA / SInCA","Cine","Salas de cine","Público municipal","1","133",""
"Lumiton","Sargento Cabral 2354","Vicente Lopez","Vicente Lopez (Buenos Aires)","Buenos Aires","","","1605","s/d","s/d","https://lumiton.ar/","","-34.52791900000000000000","-58.51593400000000000000","","","INCAA / SInCA","Cine","Salas de cine","Público municipal","1","30",""
"Showcase Norte","E. Echeverria 3750","Vicente Lopez","Vicente Lopez (Buenos Aires)","Buenos Aires","","","1605","s/d","s/d","https://www.todoshowcase.com/","","-34.51434100000000000000","-58.52215100000000000000","","","INCAA / SInCA","Cine","Salas de cine","Privado comercial","17","4214",""
"Cine Ocean","Calle 83 350","Necochea - Quequen","Necochea (Buenos Aires)","Buenos Aires","","","7630","s/d","s/d","https://www.cinesocean.com.ar/","","-38.57961600000000000000","-58.73116400000000000000","","","INCAA / SInCA","Cine","Salas de cine","Privado comercial","3","1620",""
"Cine Paris","General Paz 2720","Olavarria","Olavarria (Buenos Aires)","Buenos Aires","","","7400","s/d","s/d","http://www.cineparis.com.ar","","-36.89403900000000000000","-60.32394400000000000000","","","INCAA / SInCA","Cine","Salas de cine","Privado comercial","2","383",""
"Flix Olavarria","Rivadavia 4730","Olavarria","Olavarria (Buenos Aires)","Buenos Aires","","","7400","s/d","s/d","http://olavarria.flixcinema.com.ar/","","-36.88081600000000000000","-60.30440900000000000000","","","INCAA / SInCA","Cine","Salas de cine","Privado comercial","2","660",""
"Centro Cultural York","Juan Bautista Alberdi 895","Vicente Lopez","Vicente Lopez (Buenos Aires)","Buenos Aires","","","1636","s/d","s/d","https://www.facebook.com/cineteatroyorkolivos","","-34.50771500000000000000","-58.48496200000000000000","","","INCAA / SInCA","Cine","Salas de cine","Público municipal","1","280",""
"Cinema Pergamino","Av. Mayo y San Nicolas","Pergamino","Pergamino (Buenos Aires)","Buenos Aires","","Piso 1","2700","s/d","s/d","http://vamosacinema.com/","","-33.89284000000000000000","-60.57232700000000000000","","","INCAA / SInCA","Cine","Salas de cine","Privado comercial","2","556",""
"Cine Teatro Municipal Pila "Padre Adolfo Anastasio"","Calle 6 y Calle 19","Pila","Pila (Buenos Aires)","Buenos Aires","","","7116","s/d","s/d","https://www.facebook.com/CineTeatroPila/","","-36.00007300000000000000","-58.14566400000000000000","","","INCAA / SInCA","Cine","Salas de cine","Público municipal","1","178",""
"Cinepolis Pilar","Panamericana Ac. Norte Km 50","Pilar","Pilar (Buenos Aires)","Buenos Aires","","","1629","s/d","s/d","https://www.villagecines.com/","","-34.45590600000000000000","-58.90832900000000000000","","","INCAA / SInCA","Cine","Salas de cine","Privado comercial","9","2675",""
"Palmas Multiplex","Las Magnolias 754","Pilar","Pilar (Buenos Aires)","Buenos Aires","","Piso 1","1629","s/d","s/d","https://www.multiplex.com.ar/","","-34.44706700000000000000","-58.86709800000000000000","","","INCAA / SInCA","Cine","Salas de cine","Privado comercial","9","1407",""
"Atlantica Oasis","Av. Shaw 644","Pinamar","Pinamar (Buenos Aires)","Buenos Aires","","","7167","s/d","s/d","http://www.cineoasis.com.ar/","","-38.72210300000000000000","-62.26150700000000000000","","","INCAA / SInCA","Cine","Salas de cine","Privado comercial","2","744",""
"Cinema Colon","Rivadavia 459","Punta Alta","Coronel de Marina L. Rosales (Buenos Aires)","Buenos Aires","","","8109","s/d","s/d","http://www.cinemacolon.com.ar","","-38.88019600000000000000","-62.07672100000000000000","","","INCAA / SInCA","Cine","Salas de cine","Privado comercial","1","390",""
"Cine Teatro Municipalidad De Quilmes","Mitre 721","Quilmes","Quilmes (Buenos Aires)","Buenos Aires","","","1878","s/d","s/d","https://www.facebook.com/INCAAQuilmes/","Espacio INCAA","-34.72256600000000000000","-58.25320100000000000000","","","INCAA / SInCA","Cine","Salas de cine","Público municipal","1","415",""
"Hoyts General Cinema Quilmes","Av. Calchaqui 3950","Quilmes","Quilmes (Buenos Aires)","Buenos Aires","","","1879","s/d","s/d","https://www.cinemarkhoyts.com.ar/","","-34.75970300000000000000","-58.27879400000000000000","","","INCAA / SInCA","Cine","Salas de cine","Privado comercial","12","2580",""
"Showcase Quilmes","Olavarria 180","Quilmes","Quilmes (Buenos Aires)","Buenos Aires","","","1878","s/d","s/d","https://www.todoshowcase.com/","","-34.72545900000000000000","-58.25529400000000000000","","","INCAA / SInCA","Cine","Salas de cine","Privado comercial","8","1730",""
"Atlas Nordelta","Av. De Los Lagos 7010","Tigre","Tigre (Buenos Aires)","Buenos Aires","","","1617","s/d","s/d","http://www.nordeltacc.com.ar/","","-34.39934000000000000000","-58.65379700000000000000","","","INCAA / SInCA","Cine","Salas de cine","Privado comercial","5","969",""
"Cine Frances","Bartolomé Mitre 328","Rojas","Rojas (Buenos Aires)","Buenos Aires","","","2705","s/d","s/d","https://www.facebook.com/CineFrancesRojas/","","-34.19814600000000000000","-60.73200100000000000000","","","INCAA / SInCA","Cine","Salas de cine","Privado comercial","1","230",""
"Cine Teatro Soc. Italiana","Pueyrredón 77","Salliquelo","Salliquelo (Buenos Aires)","Buenos Aires","","","6339","s/d","s/d","Facebook: Cine Salliqueló - Sociedad Italiana","","-36.75090850000000000000","-62.95860570000000000000","","","INCAA / SInCA","Cine","Salas de cine","Privado comercial","1","420",""
"Cervantes","Alvear 65","Salto","Salto (Buenos Aires)","Buenos Aires","","","2741","s/d","s/d","","","-34.29298600000000000000","-60.25526400000000000000","","","INCAA / SInCA","Cine","Salas de cine","Privado comercial","1","220",""
"Cinepolis Merlo","Av. Juan Domingo Peron 24056","Merlo","Merlo (Buenos Aires)","Buenos Aires","","","1718","s/d","s/d","https://www.villagecines.com/","","-34.66661000000000000000","-58.70290200000000000000","","","INCAA / SInCA","Cine","Salas de cine","Privado comercial","6","1315",""
"Atlantica Arenas","Chiozza 1776","Mar de Ajo - San Bernardo","La Costa (Buenos Aires)","Buenos Aires","","","7111","s/d","s/d","","","-36.69927800000000000000","-56.67743400000000000000","","","INCAA / SInCA","Cine","Salas de cine","Privado comercial","3","1358",""
"Gran Tuyu","Av. San Martin 181","San Clemente del Tuyu","La Costa (Buenos Aires)","Buenos Aires","","","7105","s/d","s/d","https://www.facebook.com/cine.tuyu/","","-36.35686300000000000000","-56.72189200000000000000","","","INCAA / SInCA","Cine","Salas de cine","Privado comercial","1","450",""
"Cinemark San Justo","Av. Juan Manuel De Rosas 3990","La Matanza","La Matanza (Buenos Aires)","Buenos Aires","","","1754","s/d","s/d","https://www.cinemarkhoyts.com.ar","","-34.68511600000000000000","-58.55825500000000000000","","","INCAA / SInCA","Cine","Salas de cine","Privado comercial","6","1843",""
"La Palma","Belgrano 961","San Pedro","San Pedro (Buenos Aires)","Buenos Aires","","","2930","s/d","s/d","https://www.facebook.com/MEC.LaPalma/","","-33.67882600000000000000","-59.66801100000000000000","","","INCAA / SInCA","Cine","Salas de cine","Privado comercial","2","471",""
"Atlantica Yanel","Calle 32 372","Santa Teresita - Mar del Tuyu","La Costa (Buenos Aires)","Buenos Aires","","","7107","s/d","s/d","","","-36.53491100000000000000","-56.69402700000000000000","","","INCAA / SInCA","Cine","Salas de cine","Privado comercial","2","635",""
"Atlantico","Calle 41 258","Santa Teresita - Mar del Tuyu","La Costa (Buenos Aires)","Buenos Aires","","","7107","s/d","s/d","","","-36.54343000000000000000","-56.70091200000000000000","","","INCAA / SInCA","Cine","Salas de cine","Privado comercial","1","1107",""
"Cinemacenter Tandil","Panama 351","Tandil","Tandil (Buenos Aires)","Buenos Aires","","","7000","s/d","s/d","http://www.cinemacenter.com.ar/","","-37.32425800000000000000","-59.11475800000000000000","","","INCAA / SInCA","Cine","Salas de cine","Privado comercial","4","758",""
"Espacio INCAA Unicen","Yrigoyen 662","Tandil","Tandil (Buenos Aires)","Buenos Aires","","","7000","s/d","s/d","","Espacio INCAA","-37.32613170000000000000","-59.13857720000000000000","","","INCAA / SInCA","Cine","Salas de cine","Público nacional","1","430",""
"Centro Cultural Municipal Dr. Ricardo Romera","Av. 9 De Julio Y Av. San Martin","Tapalque","Tapalque (Buenos Aires)","Buenos Aires","","","7303","s/d","s/d","","Espacio INCAA","-36.35693900000000000000","-60.02521200000000000000","","","INCAA / SInCA","Cine","Salas de cine","Público municipal","1","264",""
"Hoyts Temperley","Av. Hipolito Irigoyen 10699","Lomas de Zamora","Lomas de Zamora (Buenos Aires)","Buenos Aires","","","1834","s/d","s/d","https://www.cinemarkhoyts.com.ar/","","-34.78169200000000000000","-58.40667500000000000000","","","INCAA / SInCA","Cine","Salas de cine","Privado comercial","9","2382",""
"Cinemark Tortuguitas","Constituyentes Y Au. Panamericana Km 36.5","Malvinas Argentinas","Malvinas Argentinas (Buenos Aires)","Buenos Aires","","","1667","s/d","s/d","https://www.cinemarkhoyts.com.ar","","-34.45337200000000000000","-58.72896900000000000000","","","INCAA / SInCA","Cine","Salas de cine","Privado comercial","8","1905",""
"Cine Barrio Alegre","9 De Julio 133","Trenque Lauquen","Trenque Lauquen (Buenos Aires)","Buenos Aires","","Planta Baja","6400","s/d","s/d","https://www.facebook.com/cinebarrio3d/","Espacio INCAA","-35.97225200000000000000","-62.73485000000000000000","","","INCAA / SInCA","Cine","Salas de cine","Privado comercial","1","1200",""
"Cine Teatro Español","Monteverde 257","Tres Lomas","Tres Lomas (Buenos Aires)","Buenos Aires","","","6409","s/d","s/d","https://www.facebook.com/cinetreslomas/","Espacio INCAA","-36.45720700000000000000","-62.86291300000000000000","","","INCAA / SInCA","Cine","Salas de cine","Privado comercial","1","300",""
"Cine Teatro Jose Hernandez","Balcarce 2973","General San Martin","General San Martin (Buenos Aires)","Buenos Aires","","","1653","s/d","s/d","Facebook: Cine - Teatro José Hernández","","-34.55065800000000000000","-58.55834000000000000000","","","INCAA / SInCA","Cine","Salas de cine","Privado comercial","1","660",""
"Victor Show Cinemas","El Payador 5539","Tres de Febrero","Tres de Febrero (Buenos Aires)","Buenos Aires","","","1682","s/d","s/d","https://www.facebook.com/VictorShowCinemas/","","-34.58918000000000000000","-58.57316100000000000000","","","INCAA / SInCA","Cine","Salas de cine","Privado comercial","3","413",""
"Atlantic","Paseo 105 Entre 3 Y 2","Villa Gesell","Villa Gesell (Buenos Aires)","Buenos Aires","","","7165","s/d","s/d","http://cineatlantic.com.ar/","","-37.25143000000000000000","-56.97679100000000000000","","","INCAA / SInCA","Cine","Salas de cine","Privado comercial","1","400",""
"Cine Teatro Coliseo","19 De Marzo 314","Zarate","Zarate (Buenos Aires)","Buenos Aires","","","2800","s/d","s/d","https://es-la.facebook.com/ZarateCineTeatroColiseo/","","-34.09752900000000000000","-59.02214500000000000000","","","INCAA / SInCA","Cine","Salas de cine","Privado comercial","1","300",""
"Cinemacenter Catamarca","Av. Guemes 850","San Fernando del Valle de Catamarca","Capital (Catamarca)","Catamarca","","","4700","s/d","s/d","http://www.cinemacenter.com.ar/","","-28.47586700000000000000","-65.77458100000000000000","","","INCAA / SInCA","Cine","Salas de cine","Privado comercial","5","914",""
"Cines Del Solar","Intendente Mamerto Medina 220","San Fernando del Valle de Catamarca","Capital (Catamarca)","Catamarca","","","4700","s/d","s/d","http://www.cinemacenter.com.ar/","","-28.46473700000000000000","-65.80067500000000000000","","","INCAA / SInCA","Cine","Salas de cine","Privado comercial","5","743",""
"Cinemacenter Avalos","Av. Avalos y Av. Lavalle","Resistencia","San Fernando (Chaco)","Chaco","","","3500","s/d","s/d","http://www.cinemacenter.com.ar/","","-27.43821400000000000000","-58.98703800000000000000","","","INCAA / SInCA","Cine","Salas de cine","Privado comercial","5","792",""
"Cinemacenter Resistencia","Av. Dr. Sabin y Av. Nicolas Avellaneda","Resistencia","San Fernando (Chaco)","Chaco","","","3500","s/d","s/d","http://www.cinemacenter.com.ar/","","-27.43874700000000000000","-58.98728500000000000000","","","INCAA / SInCA","Cine","Salas de cine","Privado comercial","3","690",""
"Los Cines De La Costa - Sarmiento","Av. Sarmiento 2600","Resistencia","San Fernando (Chaco)","Chaco","","","3500","s/d","s/d","http://resistencia.loscinesdelacosta.com.ar/","","-27.43099500000000000000","-58.96267200000000000000","","","INCAA / SInCA","Cine","Salas de cine","Privado comercial","5","820",""
"Cine Coliseo","San Martin 570","Comodoro Rivadavia","Escalante (Chubut)","Chubut","","","9000","s/d","s/d","http://www.cinecr.com.ar","","-45.86105700000000000000","-67.48258100000000000000","","","INCAA / SInCA","Cine","Salas de cine","Privado comercial","1","380",""
"Cine Teatro Español","San Martin 668","Comodoro Rivadavia","Escalante (Chubut)","Chubut","","","9000","s/d","s/d","http://www.cinecr.com.ar","","-45.86107100000000000000","-67.48407200000000000000","","","INCAA / SInCA","Cine","Salas de cine","Privado comercial","1","463",""
"Auditorio Municipal De Esquel","Belgrano 330","Esquel","Futaleufu (Chubut)","Chubut","","","9200","s/d","s/d","https://www.facebook.com/CulturaEsquel/","","-42.91433200000000000000","-71.33242000000000000000","","","INCAA / SInCA","Cine","Salas de cine","Público municipal","1","243",""
"Sociedad Italiana - Auditorium Puerto Madryn","28 De Julio 129","Puerto Madryn","Biedma (Chubut)","Chubut","","","9120","s/d","s/d","http://www.cinemadryn.com/","","-42.76625100000000000000","-65.03536900000000000000","","","INCAA / SInCA","Cine","Salas de cine","Privado comercial","2","486",""
"Centro Cultural Jose Hernandez","Dr. Jorge Galina S/N y Mitre","Rawson","Rawson (Chubut)","Chubut","","","9103","s/d","s/d","","Espacio INCAA","-43.29985800000000000000","-65.09948700000000000000","","","INCAA / SInCA","Cine","Salas de cine","Privado comercial","1","400",""
"Coliseo","Belgrano 375","Trelew","Rawson (Chubut)","Chubut","","Piso 1","9100","s/d","s/d","","","-43.25278400000000000000","-65.30766700000000000000","","","INCAA / SInCA","Cine","Salas de cine","Privado comercial","1","380",""
"Espacio INCAA Km 1460","9 De Julio 655","Trelew","Rawson (Chubut)","Chubut","","","9100","s/d","s/d","Facebook: Espacio INCAA Trelew","Espacio INCAA","-43.25346100000000000000","-65.31623100000000000000","","","INCAA / SInCA","Cine","Salas de cine","Público municipal","1","100",""
"Salon Municipal de Cine","28 De Julio 414","Trevelin","Futaleufu (Chubut)","Chubut","","","9203","s/d","s/d","","Espacio INCAA","-43.07951600000000000000","-71.46313500000000000000","","","INCAA / SInCA","Cine","Salas de cine","Público municipal","1","150",""
"Angeba","Lavalle 750","Ciudad Autonoma de Buenos Aires","CABA (Ciudad Autónoma de Buenos Aires)","Ciudad Autónoma de Buenos Aires","","Loc 101","1047","s/d","s/d","","","-34.60248450000000000000","-58.37734380000000000000","","","INCAA / SInCA","Cine","Salas de cine","Privado comercial","4","100",""
"Arte Multiplex","Av. Cabildo 2829","Ciudad Autonoma de Buenos Aires","CABA (Ciudad Autónoma de Buenos Aires)","Ciudad Autónoma de Buenos Aires","","","1428","s/d","s/d","https://www.multiplex.com.ar/","","-34.55597000000000000000","-58.46170500000000000000","","","INCAA / SInCA","Cine","Salas de cine","Privado comercial","5","792",""
"Atlas Caballito","Av. Rivadavia 5071","Ciudad Autonoma de Buenos Aires","CABA (Ciudad Autónoma de Buenos Aires)","Ciudad Autónoma de Buenos Aires","","","1424","s/d","s/d","https://www.villagecines.com/","","-34.61858100000000000000","-58.43736700000000000000","","","INCAA / SInCA","Cine","Salas de cine","Privado comercial","9","1769",""
"Atlas La Rural","Juncal 4431","Ciudad Autonoma de Buenos Aires","CABA (Ciudad Autónoma de Buenos Aires)","Ciudad Autónoma de Buenos Aires","","","1425","s/d","s/d","www.atlascines.com","","-34.57769580000000000000","-58.42110330000000000000","","","INCAA / SInCA","Cine","Salas de cine","Privado comercial","1","130",""
"Atlas Liniers","Ramón L. Falcón 7115","Ciudad Autonoma de Buenos Aires","CABA (Ciudad Autónoma de Buenos Aires)","Ciudad Autónoma de Buenos Aires","","","1408","s/d","s/d","www.atlascines.com","","-34.64017480000000000000","-58.52667690000000000000","","","INCAA / SInCA","Cine","Salas de cine","Privado comercial","4","460",""
"Atlas Paseo Alcorta","Jeronimo Salguero 3172","Ciudad Autonoma de Buenos Aires","CABA (Ciudad Autónoma de Buenos Aires)","Ciudad Autónoma de Buenos Aires","","","1425","s/d","s/d","cineatlasweb.com.ar","","-34.57538500000000000000","-58.40399700000000000000","","","INCAA / SInCA","Cine","Salas de cine","Privado comercial","3","432",""
"Atlas Patio Bullrich","Posadas 1245","Ciudad Autonoma de Buenos Aires","CABA (Ciudad Autónoma de Buenos Aires)","Ciudad Autónoma de Buenos Aires","","","1001","s/d","s/d","cineatlasweb.com.ar","","-34.58809500000000000000","-58.38348500000000000000","","","INCAA / SInCA","Cine","Salas de cine","Privado comercial","3","585",""
"Atlas Rivera Indarte","Rivera Indarte 44","Ciudad Autonoma de Buenos Aires","CABA (Ciudad Autónoma de Buenos Aires)","Ciudad Autónoma de Buenos Aires","","","1406","s/d","s/d","cineatlasweb.com.ar","","-34.62936800000000000000","-58.46252300000000000000","","","INCAA / SInCA","Cine","Salas de cine","Privado comercial","5","1263",""
"Belgrano Multiplex","Vuelta De Obligado 2238","Ciudad Autonoma de Buenos Aires","CABA (Ciudad Autónoma de Buenos Aires)","Ciudad Autónoma de Buenos Aires","","","1428","s/d","s/d","https://www.multiplex.com.ar/","","-34.56050300000000000000","-58.45649900000000000000","","","INCAA / SInCA","Cine","Salas de cine","Privado comercial","8","2314",""
"Centro Cultural San Martín Sala 1 y 2","Sarmiento 1551","Ciudad Autonoma de Buenos Aires","CABA (Ciudad Autónoma de Buenos Aires)","Ciudad Autónoma de Buenos Aires","","5 subsuelo","1042","s/d","s/d","https://elculturalsanmartin.ar/cine/","","-34.60501400000000000000","-58.38870910000000000000","","","INCAA / SInCA","Cine","Salas de cine","Público provincial","2","192",""
"Cine Amigos Del Bellas Artes","Av. Pte. Figueroa Alcorta 2280","Ciudad Autonoma de Buenos Aires","CABA (Ciudad Autónoma de Buenos Aires)","Ciudad Autónoma de Buenos Aires","","","1425","s/d","s/d","https://www.facebook.com/amigosdelbellasartes","","-34.58351100000000000000","-58.39268600000000000000","","","INCAA / SInCA","Cine","Salas de cine","Privado comercial","1","235",""
"Cine Box","Laprida 1423","Ciudad Autonoma de Buenos Aires","CABA (Ciudad Autónoma de Buenos Aires)","Ciudad Autónoma de Buenos Aires","","","1425","s/d","s/d","","","-34.59243500000000000000","-58.40584700000000000000","","","INCAA / SInCA","Cine","Salas de cine","Privado comercial","2","40",""
"Cine del Recuerdo","Av. Juan de Garay 1267","Ciudad Autonoma de Buenos Aires","CABA (Ciudad Autónoma de Buenos Aires)","Ciudad Autónoma de Buenos Aires","","","1153","s/d","s/d","","","-34.62683600000000000000","-58.38366900000000000000","","","INCAA / SInCA","Cine","Salas de cine","Privado comercial","1","85",""
"Cine Popular HQ","Moreno 2654","Ciudad Autonoma de Buenos Aires","CABA (Ciudad Autónoma de Buenos Aires)","Ciudad Autónoma de Buenos Aires","","","1094","s/d","s/d","https://www.facebook.com/CulturaATENac/","","-34.61353150000000000000","-58.40367140000000000000","","","INCAA / SInCA","Cine","Salas de cine","Privado comercial","1","158",""
"Cine San Francisco","Av. Gral. Paz 10652","Ciudad Autonoma de Buenos Aires","CABA (Ciudad Autónoma de Buenos Aires)","Ciudad Autónoma de Buenos Aires","","","1408","s/d","s/d","","","-34.63990540000000000000","-58.52882460000000000000","","","INCAA / SInCA","Cine","Salas de cine","Privado comercial","1","40",""
"Cinema Devoto","Jose Pedro Varela 4866","Ciudad Autonoma de Buenos Aires","CABA (Ciudad Autónoma de Buenos Aires)","Ciudad Autónoma de Buenos Aires","","","1417","s/d","s/d","https://cinemadevoto.com.ar/","","-34.61165800000000000000","-58.51692800000000000000","","","INCAA / SInCA","Cine","Salas de cine","Privado comercial","8","1908",""
"Cinemark Caballito","Av. La Plata 96","Ciudad Autonoma de Buenos Aires","CABA (Ciudad Autónoma de Buenos Aires)","Ciudad Autónoma de Buenos Aires","","","1184","s/d","s/d","https://www.cinemarkhoyts.com.ar","","-34.61612800000000000000","-58.42899900000000000000","","","INCAA / SInCA","Cine","Salas de cine","Privado comercial","6","898",""
"Cinemark Palermo","Beruti 3399","Ciudad Autonoma de Buenos Aires","CABA (Ciudad Autónoma de Buenos Aires)","Ciudad Autónoma de Buenos Aires","","","1425","s/d","s/d","https://www.cinemarkhoyts.com.ar","","-34.58656500000000000000","-58.41042100000000000000","","","INCAA / SInCA","Cine","Salas de cine","Privado comercial","10","1738",""
"Cinemark Puerto Madero","Av. Alicia M De Justo 1920","Ciudad Autonoma de Buenos Aires","CABA (Ciudad Autónoma de Buenos Aires)","Ciudad Autónoma de Buenos Aires","","","1107","s/d","s/d","https://www.cinemarkhoyts.com.ar","","-34.62218600000000000000","-58.36528800000000000000","","","INCAA / SInCA","Cine","Salas de cine","Privado comercial","8","1379",""
"Cinepolis Recoleta","Vicente Lopez 2050","Ciudad Autonoma de Buenos Aires","CABA (Ciudad Autónoma de Buenos Aires)","Ciudad Autónoma de Buenos Aires","","","1128","s/d","s/d","https://www.villagecines.com/","","-34.58922000000000000000","-58.39297600000000000000","","","INCAA / SInCA","Cine","Salas de cine","Privado comercial","10","1776",""
"Complejo Cultural 25 de Mayo","Av. Triunvirato 4444","Ciudad Autonoma de Buenos Aires","CABA (Ciudad Autónoma de Buenos Aires)","Ciudad Autónoma de Buenos Aires","","","1431","s/d","s/d","https://cc25.org/","","-34.57633690000000000000","-58.48365250000000000000","","","INCAA / SInCA","Cine","Salas de cine","Público provincial","1","500",""
"Eden - Sala 2","Santa Fe 1825","Ciudad Autonoma de Buenos Aires","CABA (Ciudad Autónoma de Buenos Aires)","Ciudad Autónoma de Buenos Aires","","","1123","s/d","s/d","","","-34.59583200000000000000","-58.39365500000000000000","","","INCAA / SInCA","Cine","Salas de cine","Privado comercial","1","30",""
"El Páramo Cultural","Carlos Calvo 3974","Ciudad Autonoma de Buenos Aires","CABA (Ciudad Autónoma de Buenos Aires)","Ciudad Autónoma de Buenos Aires","","","1230","s/d","s/d","https://www.facebook.com/ParamoCultural/","","-34.62505480000000000000","-58.42150370000000000000","","","INCAA / SInCA","Cine","Salas de cine","Privado comercial","1","60",""
"Gaumont","Av. Rivadavia 1635","Ciudad Autonoma de Buenos Aires","CABA (Ciudad Autónoma de Buenos Aires)","Ciudad Autónoma de Buenos Aires","","","1033","s/d","s/d","http://www.incaa.gov.ar/","Espacio INCAA","-34.60898000000000000000","-58.38964000000000000000","","","INCAA / SInCA","Cine","Salas de cine","Público nacional","3","1167",""
"Hoyts Abasto","Aguero 665","Ciudad Autonoma de Buenos Aires","CABA (Ciudad Autónoma de Buenos Aires)","Ciudad Autónoma de Buenos Aires","","","1193","s/d","s/d","https://www.cinemarkhoyts.com.ar/","","-34.60348500000000000000","-58.41085300000000000000","","","INCAA / SInCA","Cine","Salas de cine","Privado comercial","12","3021",""
"Hoyts Panamericana","Melian 4880","Ciudad Autonoma de Buenos Aires","CABA (Ciudad Autónoma de Buenos Aires)","Ciudad Autónoma de Buenos Aires","","","1430","s/d","s/d","https://www.cinemarkhoyts.com.ar/","","-34.54634400000000000000","-58.48843500000000000000","","","INCAA / SInCA","Cine","Salas de cine","Privado comercial","10","1918",""
"Leopoldo Lugones","Av. Corrientes 1530","Ciudad Autonoma de Buenos Aires","CABA (Ciudad Autónoma de Buenos Aires)","Ciudad Autónoma de Buenos Aires","","","1042","s/d","s/d","https://complejoteatral.gob.ar/cine","","-34.60425800000000000000","-58.38839200000000000000","","","INCAA / SInCA","Cine","Salas de cine","Público provincial","1","212",""
"Lorca","Av. Corrientes 1428","Ciudad Autonoma de Buenos Aires","CABA (Ciudad Autónoma de Buenos Aires)","Ciudad Autónoma de Buenos Aires","","","1042","s/d","s/d","http://cinelorca.wixsite.com/cine-lorca","","-34.60409100000000000000","-58.38682000000000000000","","","INCAA / SInCA","Cine","Salas de cine","Privado comercial","2","452",""
"Malba","Av. Figuero Alcorta 3415","Ciudad Autonoma de Buenos Aires","CABA (Ciudad Autónoma de Buenos Aires)","Ciudad Autónoma de Buenos Aires","","Planta Baja","1425","s/d","s/d","http://www.malba.org.ar/","","-34.57727300000000000000","-58.40374700000000000000","","","INCAA / SInCA","Cine","Salas de cine","Privado comercial","1","224",""
"Monumental Lavalle","Lavalle 780","Ciudad Autonoma de Buenos Aires","CABA (Ciudad Autónoma de Buenos Aires)","Ciudad Autónoma de Buenos Aires","","","1047","s/d","s/d","https://www.multiplex.com.ar/","","-34.60235800000000000000","-58.37780100000000000000","","","INCAA / SInCA","Cine","Salas de cine","Privado comercial","7","1270",""
"Nueva Victoria","Hipolito Yrigoyen 965","Ciudad Autonoma de Buenos Aires","CABA (Ciudad Autónoma de Buenos Aires)","Ciudad Autónoma de Buenos Aires","","","1086","s/d","s/d","","","-34.60949110000000000000","-58.38004090000000000000","","","INCAA / SInCA","Cine","Salas de cine","Privado comercial","2","115",""
"Popular Ecuador","Ecuador 54","Ciudad Autonoma de Buenos Aires","CABA (Ciudad Autónoma de Buenos Aires)","Ciudad Autónoma de Buenos Aires","","","1214","s/d","s/d","","","-34.60970950000000000000","-58.40902810000000000000","","","INCAA / SInCA","Cine","Salas de cine","Privado comercial","1","147",""
"Raúl González Tuñón","Av. Corrientes 1543","Ciudad Autonoma de Buenos Aires","CABA (Ciudad Autónoma de Buenos Aires)","Ciudad Autónoma de Buenos Aires","","","1042","s/d","s/d","","","-34.60400920000000000000","-58.38854340000000000000","","","INCAA / SInCA","Cine","Salas de cine","Privado comercial","1","94",""
"Showcase Cinemas Belgrano","Monroe 1655","Ciudad Autonoma de Buenos Aires","CABA (Ciudad Autónoma de Buenos Aires)","Ciudad Autónoma de Buenos Aires","","","1428","s/d","s/d","https://www.todoshowcase.com/","","-34.55387800000000000000","-58.45286800000000000000","","","INCAA / SInCA","Cine","Salas de cine","Privado comercial","10","2082",""
"UBA - Cosmos","Av. Corrientes 2046","Ciudad Autonoma de Buenos Aires","CABA (Ciudad Autónoma de Buenos Aires)","Ciudad Autónoma de Buenos Aires","","","1045","s/d","s/d","https://www.facebook.com/pg/cinecosmos.uba/","","-34.60462900000000000000","-58.39619800000000000000","","","INCAA / SInCA","Cine","Salas de cine","Público nacional","2","190",""
"Yrigoyen","Hipolito Yrigoyen 945","Ciudad Autonoma de Buenos Aires","CABA (Ciudad Autónoma de Buenos Aires)","Ciudad Autónoma de Buenos Aires","","","1086","s/d","s/d","","","-34.60937230000000000000","-58.37964190000000000000","","","INCAA / SInCA","Cine","Salas de cine","Privado comercial","2","64",""
"Microcine Centro Cultural Recoleta","Junin 1930","Ciudad Autonoma de Buenos Aires","CABA (Ciudad Autónoma de Buenos Aires)","Ciudad Autónoma de Buenos Aires","","","1113","s/d","s/d","http://www.centroculturalrecoleta.org/","","-34.58675300000000000000","-58.39167200000000000000","","","INCAA / SInCA","Cine","Salas de cine","Público provincial","1","100",""
"Cinemacenter Alta Gracia","Belgrano 466","Alta Gracia","Santa Maria (Córdoba)","Córdoba","","","5186","s/d","s/d","https://www.cinemacenter.com.ar/","","-31.65843900000000000000","-64.42842280000000000000","","","INCAA / SInCA","Cine","Salas de cine","Privado comercial","3","431",""
"Dinosaurio Mall Alta Gracia","Gabino Ezeiza 1080","Alta Gracia","Santa Maria (Córdoba)","Córdoba","","","5186","s/d","s/d","https://dinomall.com.ar/","","-31.37431980000000000000","-64.18888520000000000000","","","INCAA / SInCA","Cine","Salas de cine","Privado comercial","2","317",""
"Cine Cooperativo Berrotarán","ROGELIO MARTINEZ y MARIANO MORENO","Berrotaran","Rio Cuarto (Córdoba)","Córdoba","","","5817","s/d","s/d","https://coopeb.com.ar/cine-teatro-multiespacio/","","-32.45191700000000000000","-64.38837400000000000000","","","INCAA / SInCA","Cine","Salas de cine","Privado comercial","1","419",""
"El Jardín de las Delicias","Bv. San Juan 49","Cordoba","Capital (Córdoba)","Córdoba","","","5000","s/d","s/d","https://cineclubmunicipal.org.ar/","","-31.42091160000000000000","-64.18674900000000000000","","","INCAA / SInCA","Cine","Salas de cine","Público municipal","1","194",""
"Cine Moderno","Antonio G. Almada 172","La Francia","San Justo (Córdoba)","Córdoba","","","2426","s/d","s/d","https://www.facebook.com/teatrocinemoderno100/","","-31.40424700000000000000","-62.63255100000000000000","","","INCAA / SInCA","Cine","Salas de cine","Privado comercial","1","441",""
"Cinema 2000 Auditorium","Belgrano y Rafael Nuñez","Arroyito","San Justo (Córdoba)","Córdoba","","","2434","s/d","s/d","https://www.facebook.com/pg/Cinema.2000.Arroyito.3D","","-31.41540900000000000000","-63.05054100000000000000","","","INCAA / SInCA","Cine","Salas de cine","Privado comercial","1","207",""
"Sudcinemas Bell Ville","Mitre 61","Bell Ville","Union (Córdoba)","Córdoba","","","5900","s/d","s/d","http://sudcinemas.com.ar/cine-wp/cine/bellville/","","-32.63018200000000000000","-62.68662800000000000000","","","INCAA / SInCA","Cine","Salas de cine","Privado comercial","2","324",""
"Guillermo J. Nolter","Moreno Y Sarmiento","Canals","Union (Córdoba)","Córdoba","","","2650","s/d","s/d","https://www.cinecoop3d.com/elcine.php","","-33.56197400000000000000","-62.88159200000000000000","","","INCAA / SInCA","Cine","Salas de cine","Privado comercial","1","200",""
"Enrique Muiño","Dean Funes 526","Capilla del Monte","Punilla (Córdoba)","Córdoba","","","5184","s/d","s/d","","","-30.85886020000000000000","-64.52498640000000000000","","","INCAA / SInCA","Cine","Salas de cine","Privado comercial","1","413",""
"Cines Gran Rex","Av. Gral. Paz 174","Cordoba","Capital (Córdoba)","Córdoba","","","5000","s/d","s/d","http://cinesgranrex.com.ar/","","-31.41346700000000000000","-64.18551700000000000000","","","INCAA / SInCA","Cine","Salas de cine","Privado comercial","8","1201",""
"Complejo Cinerama","Av. Colon 345","Cordoba","Capital (Córdoba)","Córdoba","","","5000","s/d","s/d","https://www.cinerama.com.ar/","","-31.41215000000000000000","-64.18797000000000000000","","","INCAA / SInCA","Cine","Salas de cine","Privado comercial","4","755",""
"Dinosaurio Mall 60 Cuadras","Av. Circunvalacion Agustin Tosco 4552","Cordoba","Capital (Córdoba)","Córdoba","","","5014","s/d","s/d","https://www.cinesdinomall.com.ar/","","-31.45539200000000000000","-64.13979900000000000000","","","INCAA / SInCA","Cine","Salas de cine","Privado comercial","2","307",""
"Dinosaurio Mall Alto Verde","Rodriguez Del Busto 4086","Cordoba","Capital (Córdoba)","Córdoba","","","5009","s/d","s/d","https://www.cinesdinomall.com.ar/Inicio","","-31.37433100000000000000","-64.22254300000000000000","","","INCAA / SInCA","Cine","Salas de cine","Privado comercial","7","1193",""
"Dinosaurio Mall Ruta 20","Av. Fuerza Aerea 1700","Cordoba","Capital (Córdoba)","Córdoba","","","5009","s/d","s/d","https://www.cinesdinomall.com.ar/Inicio","","-31.43036700000000000000","-64.21375500000000000000","","","INCAA / SInCA","Cine","Salas de cine","Privado comercial","7","1385",""
"Hoyts Nuevo Centro Cordoba","Duarte Quiros 1400","Cordoba","Capital (Córdoba)","Córdoba","","","5000","s/d","s/d","https://www.cinemarkhoyts.com.ar/","","-31.41321800000000000000","-64.20438400000000000000","","","INCAA / SInCA","Cine","Salas de cine","Privado comercial","6","960",""
"Hoyts Patio Olmos","Av. Velez Sarsfield 361","Cordoba","Capital (Córdoba)","Córdoba","","","5000","s/d","s/d","https://www.cinemarkhoyts.com.ar/","","-31.41946300000000000000","-64.18881300000000000000","","","INCAA / SInCA","Cine","Salas de cine","Privado comercial","8","986",""
"Showcase Cordoba","J.A. Goyechea 2851","Cordoba","Capital (Córdoba)","Córdoba","","","5009","s/d","s/d","https://www.todoshowcase.com/","","-31.37983000000000000000","-64.21423800000000000000","","","INCAA / SInCA","Cine","Salas de cine","Privado comercial","12","2386",""
"Cine Arte Córdoba","27 De Abril 275","Cordoba","Capital (Córdoba)","Córdoba","","","5000","s/d","s/d","https://www.facebook.com/CineArteCordoba/","","-31.41591800000000000000","-64.18850700000000000000","","","INCAA / SInCA","Cine","Salas de cine","Privado comercial","1","210",""
"Cine Aida","Thomas Edison 2126","Cruz del Eje","Cruz del Eje (Córdoba)","Córdoba","","","5280","s/d","s/d","","","-30.72112300000000000000","-64.80989800000000000000","","","INCAA / SInCA","Cine","Salas de cine","Privado comercial","1","444",""
"Cine Teatro Coop Luz y Fuerza","Mitre 31","Elena","Rio Cuarto (Córdoba)","Córdoba","","","5815","s/d","s/d","Facebook: Cine Teatro Cooperativo de Elena","","-32.57161200000000000000","-64.39332900000000000000","","","INCAA / SInCA","Cine","Salas de cine","Privado comercial","1","279",""
"Las Tipas Jesus Maria","Ruta Nacional 9 Esq. Corrientes","Jesus Maria","Colon (Córdoba)","Córdoba","","","5220","s/d","s/d","http://www.cinesmolise.com.ar/","","-30.97711700000000000000","-64.08461000000000000000","","","INCAA / SInCA","Cine","Salas de cine","Privado comercial","3","623",""
"Las Tipas Morteros","Bv. Illia 232","Morteros","San Justo (Córdoba)","Córdoba","","","2421","s/d","s/d","http://www.lastipasboulevard.com.ar/","","-30.70991300000000000000","-62.00429200000000000000","","","INCAA / SInCA","Cine","Salas de cine","Privado comercial","2","300",""
"Centro Cultural Leonardo Favio","Buenos Aires 55","Rio Cuarto","Rio Cuarto (Córdoba)","Córdoba","","","5800","s/d","s/d","http://www.cba.gov.ar/","","-33.12430600000000000000","-64.34916600000000000000","","","INCAA / SInCA","Cine","Salas de cine","Público provincial","1","219",""
"Cines Del Paseo","Av. Mugnaini Y Sobremonte","Rio Cuarto","Rio Cuarto (Córdoba)","Córdoba","","","5800","s/d","s/d","http://cba.gov.ar","","-33.11805300000000000000","-64.34656900000000000000","","","INCAA / SInCA","Cine","Salas de cine","Privado comercial","4","955",""
"Strike","Velez Sarfield 143","Rio Tercero","Tercero Arriba (Córdoba)","Córdoba","","","5850","s/d","s/d","http://cinemastrike.com.ar/","","-32.17361600000000000000","-64.11229300000000000000","","","INCAA / SInCA","Cine","Salas de cine","Privado comercial","2","400",""
"Dinosaurio Mall Salsipuedes","Av. Sarmiento 1007","Salsipuedes","Colon (Córdoba)","Córdoba","","","5113","s/d","s/d","http://www.cinesdinomall.com.ar","","-31.12682800000000000000","-64.29602300000000000000","","","INCAA / SInCA","Cine","Salas de cine","Privado comercial","2","322",""
"Las Tipas San Francisco","Iturraspe 1448","San Francisco","San Justo (Córdoba)","Córdoba","","","2400","s/d","s/d","http://www.nuevocineradar.com.ar/","","-31.42904800000000000000","-62.08211800000000000000","","","INCAA / SInCA","Cine","Salas de cine","Privado comercial","3","620",""
"Espacio Incaa Unquillo","San Martin 1505","Unquillo","Colon (Córdoba)","Córdoba","","","5109","s/d","s/d","http://www.unquillo.gov.ar/","Espacio INCAA","-31.23760370000000000000","-64.31209550000000000000","","","INCAA / SInCA","Cine","Salas de cine","Público municipal","1","220",""
"Sala C.E.Y.A.L","Av. Carlos S. Yde 1056","Vicuna Mackenna","Rio Cuarto (Córdoba)","Córdoba","","","6140","s/d","s/d","","","-33.92201000000000000000","-64.39167900000000000000","","","INCAA / SInCA","Cine","Salas de cine","Privado comercial","1","850",""
"Showcase Villa Allende","Rio De Janeiro 1725","Villa Allende","Colon (Córdoba)","Córdoba","","","5105","s/d","s/d","https://www.todoshowcase.com/","","-31.29374000000000000000","-64.29076600000000000000","","","INCAA / SInCA","Cine","Salas de cine","Privado comercial","3","563",""
"Holiday Cines","9 De Julio 53","Villa Carlos Paz","Punilla (Córdoba)","Córdoba","","","5152","s/d","s/d","https://www.holidaycinemas.com.ar/","","-31.42071000000000000000","-64.49995900000000000000","","","INCAA / SInCA","Cine","Salas de cine","Privado comercial","4","1000",""
"Cine General Paz","Sarmiento 731","Villa del Rosario","Rio Segundo (Córdoba)","Córdoba","","","5963","s/d","s/d","","","-31.55389100000000000000","-63.53414000000000000000","","","INCAA / SInCA","Cine","Salas de cine","Privado comercial","1","412",""
"Eter Cine","Felipe Erdman 145","Villa Dolores","San Javier (Córdoba)","Córdoba","","","5870","s/d","s/d","http://www.etercine3d.com.ar/","","-31.94443700000000000000","-65.19210800000000000000","","","INCAA / SInCA","Cine","Salas de cine","Privado comercial","2","400",""
"Centro Cultural Leonardo Favio","Av. Sabattini 200","Villa Maria","General San Martin (Córdoba)","Córdoba","","","5900","s/d","s/d","http://www.villamaria.gob.ar","Espacio INCAA","-32.41081500000000000000","-63.24816900000000000000","","","INCAA / SInCA","Cine","Salas de cine","Público municipal","1","200",""
"Sudcinemas","Ruta Nacional 158 Km 155,5","Villa Maria","General San Martin (Córdoba)","Córdoba","","","5900","s/d","s/d","http://sudcinemas.com.ar/","","-32.41003000000000000000","-63.26229400000000000000","","","INCAA / SInCA","Cine","Salas de cine","Privado comercial","4","800",""
"Sunstar Cordoba","Ricardo Rojas 9200","Cordoba","Capital (Córdoba)","Córdoba","","","5008","s/d","s/d","http://www.cinesunstar.com/","","-31.33576500000000000000","-64.28974600000000000000","","","INCAA / SInCA","Cine","Salas de cine","Privado comercial","6","1398",""
"Fantasio","Salta 1059","Bella Vista","Bella Vista (Corrientes)","Corrientes","","","3432","s/d","s/d","https://www.facebook.com/CineFantasioBellaVista/","","-28.50849400000000000000","-59.04546400000000000000","","","INCAA / SInCA","Cine","Salas de cine","Privado comercial","1","240",""
"Cinemacenter Corrientes","Av. Pedro Ferre y Chacabuco","Corrientes","Capital (Corrientes)","Corrientes","","","3400","s/d","s/d","http://www.cinemacenter.com.ar/","","-27.46464000000000000000","-58.81063500000000000000","","","INCAA / SInCA","Cine","Salas de cine","Privado comercial","5","1140",""
"De La Costa Costanera","Carlos Pellegrini 451/311","Corrientes","Capital (Corrientes)","Corrientes","","","3400","s/d","s/d","http://www.loscinesdelacosta.com.ar/","","-27.46475200000000000000","-58.84301500000000000000","","","INCAA / SInCA","Cine","Salas de cine","Privado comercial","2","358",""
"De La Costa Shopping","Av. Centenario 3535","Corrientes","Capital (Corrientes)","Corrientes","","","3400","s/d","s/d","http://www.loscinesdelacosta.com.ar/","","-27.48135900000000000000","-58.76699800000000000000","","","INCAA / SInCA","Cine","Salas de cine","Privado comercial","4","562",""
"Sociedad Rural","Beron De Astrada 641","Curuzu Cuatia","Curuzu Cuatia (Corrientes)","Corrientes","","","3460","s/d","s/d","http://cinedelarural.com.ar","","-29.79047300000000000000","-58.05447400000000000000","","","INCAA / SInCA","Cine","Salas de cine","Privado comercial","1","300",""
"Cines del Litoral Goya","España 659","Goya","Goya (Corrientes)","Corrientes","","","3450","s/d","s/d","","","-29.14428300000000000000","-59.26674100000000000000","","","INCAA / SInCA","Cine","Salas de cine","Privado comercial","2","370",""
"Cine Teatro Opera","Los 108 941","Paso de los Libres","Paso de los Libres (Corrientes)","Corrientes","","","3230","s/d","s/d","https://www.facebook.com/pg/Cineoperacorrientes/","","-29.71371010000000000000","-57.08556010000000000000","","","INCAA / SInCA","Cine","Salas de cine","Privado comercial","1","200",""
"Cine Boulevard","Av. Illia Y Chocho Vivanco","Gualeguay","Gualeguay (Entre Ríos)","Entre Ríos","","","2840","s/d","s/d","Facebook: Cine Boulevard","","-33.12779900000000000000","-59.32243700000000000000","","","INCAA / SInCA","Cine","Salas de cine","Privado comercial","2","440",""
"Cine Gran Libertad","3 De Febrero 3060","Chajari","Federacion (Entre Ríos)","Entre Ríos","","","3228","s/d","s/d","","","-30.75941500000000000000","-57.98492900000000000000","","","INCAA / SInCA","Cine","Salas de cine","Privado comercial","1","400",""
"Starlight Cinema Digital","Calle 12 De Abril 287","Colon","Colon (Entre Ríos)","Entre Ríos","","","3280","s/d","s/d","https://www.facebook.com/StarlightCineColon/","","-32.22154000000000000000","-58.13871300000000000000","","","INCAA / SInCA","Cine","Salas de cine","Privado comercial","2","154",""
"Cine Teatro San Martin","Estrada 820","Concepcion del Uruguay","Uruguay (Entre Ríos)","Entre Ríos","","","3260","s/d","s/d","https://www.facebook.com/cinesanmartin/","","-32.48000000000000000000","-58.23515600000000000000","","","INCAA / SInCA","Cine","Salas de cine","Privado comercial","1","457",""
"Teatro Gran Odeon","Entre Rios 567","Concordia","Concordia (Entre Ríos)","Entre Ríos","","","3200","s/d","s/d","http://www.fundacionodeon.com.ar","","-31.39815100000000000000","-58.01899900000000000000","","","INCAA / SInCA","Cine","Salas de cine","Privado comercial","1","664",""
"Altos Del Gualeguay","Rocamora 33","Gualeguay","Gualeguay (Entre Ríos)","Entre Ríos","","","2840","s/d","s/d","https://www.facebook.com/pg/CineAltosDeGualeguay","","-33.15032300000000000000","-59.31160900000000000000","","","INCAA / SInCA","Cine","Salas de cine","Privado comercial","1","198",""
"Cinema Gualeguaychu","25 De Mayo 1383","Gualeguaychu","Gualeguaychu (Entre Ríos)","Entre Ríos","","","2820","s/d","s/d","http://cinemagualeguaychu.com","","-33.00993700000000000000","-58.52547400000000000000","","","INCAA / SInCA","Cine","Salas de cine","Privado comercial","1","330",""
"Cine Circulo Obrero","Andres Pazos 339","Parana","Parana (Entre Ríos)","Entre Ríos","","","3100","s/d","s/d","https://www.cinecirculo.com.ar/","","-31.73292900000000000000","-60.52463100000000000000","","","INCAA / SInCA","Cine","Salas de cine","Privado comercial","2","300",""
"Cine Urquiza","25 De Mayo 1849","San Jose","Colon (Entre Ríos)","Entre Ríos","","","3283","s/d","s/d","http://www.cineurquiza.com.ar","","-32.21251500000000000000","-58.21790100000000000000","","","INCAA / SInCA","Cine","Salas de cine","Privado comercial","1","250",""
"Sala Municipal Cine Teatro Victoria","Alem 64","Victoria","Victoria (Entre Ríos)","Entre Ríos","","","3153","s/d","s/d","","Espacio INCAA","-32.62022470000000000000","-60.15723860000000000000","","","INCAA / SInCA","Cine","Salas de cine","Público municipal","1","299",""
"Cine Teatro Berisso","San Martin 540","Villaguay","Villaguay (Entre Ríos)","Entre Ríos","","","3240","s/d","s/d","https://www.facebook.com/pg/CineBerisso/","","-31.86511500000000000000","-59.02743300000000000000","","","INCAA / SInCA","Cine","Salas de cine","Privado comercial","1","350",""
"El Pajarito Avenida","Av. Juan Domingo Peron 757","Formosa","Formosa (Formosa)","Formosa","","","3600","s/d","s/d","https://www.facebook.com/Cines-Avenida-112830095434025/","","-26.16949700000000000000","-58.18148300000000000000","","","INCAA / SInCA","Cine","Salas de cine","Privado comercial","3","619",""
"Cine Teatro Altos Hornos Zapla","Av. Rio De La Plata 383","Palpala","Palpala (Jujuy)","Jujuy","","","4612","s/d","s/d","https://www.facebook.com/pg/CineAHZ","","-24.25759260000000000000","-65.21309500000000000000","","","INCAA / SInCA","Cine","Salas de cine","Privado comercial","1","1100",""
"Cine Auditorium","Independencia Esq. Italia S/N","San Salvador de Jujuy","Dr. Manuel Belgrano (Jujuy)","Jujuy","","","4600","s/d","s/d","https://www.facebook.com/CineAuditoriumJujuyINCAAMercosur/","Espacio INCAA","-24.18725200000000000000","-65.29285100000000000000","","","INCAA / SInCA","Cine","Salas de cine","Otro","1","201",""
"Cine Teatro Alfa","Patricias Argentinas 360","San Salvador de Jujuy","Dr. Manuel Belgrano (Jujuy)","Jujuy","","","4600","s/d","s/d","https://twitter.com/cineteatroalfa","","-24.18449400000000000000","-65.31115600000000000000","","","INCAA / SInCA","Cine","Salas de cine","Privado comercial","2","856",""
"Barbarita Cruz","Belgrano 547","Tilcara","Tilcara (Jujuy)","Jujuy","","","4624","s/d","s/d","https://capectilcara.com/","Espacio INCAA","-23.57710500000000000000","-65.39396100000000000000","","","INCAA / SInCA","Cine","Salas de cine","Privado comercial","1","120",""
"Espacio Incaa-Cine & Teatro Pico","Calle 17 957","General Pico","Maraco (La Pampa)","La Pampa","","","6360","s/d","s/d","http://www.picocine.com.ar/","Espacio INCAA","-35.66053020000000000000","-63.75286950000000000000","","","INCAA / SInCA","Cine","Salas de cine","Privado comercial","1","534",""
"Gran Pampa","Calle 20 642","General Pico","Maraco (La Pampa)","La Pampa","","","6360","s/d","s/d","","","-35.65898200000000000000","-63.75393500000000000000","","","INCAA / SInCA","Cine","Salas de cine","Privado comercial","1","730",""
"Amadeus","Coronel Gil 31","Santa Rosa","Capital (La Pampa)","La Pampa","","","6300","s/d","s/d","www.cineamadeus.com.ar/","","-36.61990400000000000000","-64.28990200000000000000","","","INCAA / SInCA","Cine","Salas de cine","Privado comercial","1","223",""
"Milenium","Escalante 270","Santa Rosa","Capital (La Pampa)","La Pampa","","","6300","s/d","s/d","","","-36.62312200000000000000","-64.29479700000000000000","","","INCAA / SInCA","Cine","Salas de cine","Privado comercial","1","352",""
"Sala Auditorio Juan C. Bustriazo Ortiz","Quintana 172","Santa Rosa","Capital (La Pampa)","La Pampa","","","6300","s/d","s/d","Facebook: Espacio INCAA Santa Rosa","Espacio INCAA","-36.61882750000000000000","-64.29339990000000000000","","","INCAA / SInCA","Cine","Salas de cine","Público municipal","1","118",""
"Cine El Progreso","9 De Julio 85","Aimogasta","Arauco (La Rioja)","La Rioja","","","5310","s/d","s/d","","","-28.56004090000000000000","-66.81068250000000000000","","","INCAA / SInCA","Cine","Salas de cine","Otro","1","285",""
"Cinema 3D Chilecito","La Plata y 19 De Febrero","Chilecito","Chilecito (La Rioja)","La Rioja","","","5360","s/d","s/d","http://cinema3dlarioja.com/","","-29.16301100000000000000","-67.49568800000000000000","","","INCAA / SInCA","Cine","Salas de cine","Privado comercial","2","216",""
"Cinema 3D Pelagio B. Luna","Pelagio Luna 960","La Rioja","Capital (La Rioja)","La Rioja","","","5300","s/d","s/d","http://cinema3dlarioja.com/","","-29.41279900000000000000","-66.86169300000000000000","","","INCAA / SInCA","Cine","Salas de cine","Privado comercial","2","292",""
"Cinema 3D San Martin","San Martin 62","La Rioja","Capital (La Rioja)","La Rioja","","","5300","s/d","s/d","http://cinema3dlarioja.com/","","-29.41478000000000000000","-66.85770100000000000000","","","INCAA / SInCA","Cine","Salas de cine","Privado comercial","1","72",""
"Cinemacenter La Rioja","Av. Abel Bazan Y Bustos 710","La Rioja","Capital (La Rioja)","La Rioja","","","5300","s/d","s/d","http://www.cinemacenter.com.ar/","","-29.41152520000000000000","-66.85814980000000000000","","","INCAA / SInCA","Cine","Salas de cine","Privado comercial","4","769",""
"Espacio 73","Catamarca 73","La Rioja","Capital (La Rioja)","La Rioja","","","5300","s/d","s/d","http://www.culturalarioja.gob.ar","Espacio INCAA","-29.41285200000000000000","-66.85932760000000000000","","","INCAA / SInCA","Cine","Salas de cine","Público provincial","1","128",""
"Cineteatro Antonio Lafalla","Av. Alvear Oeste 437","General Alvear","General Alvear (Mendoza)","Mendoza","","","5620","s/d","s/d","https://cineteatrolafalla.alvearmendoza.gob.ar/","","-34.97834470000000000000","-67.69493290000000000000","","","INCAA / SInCA","Cine","Salas de cine","Público municipal","1","122",""
"Cinemark Palmares","Ruta Panamericana 2650","Godoy Cruz","Godoy Cruz (Mendoza)","Mendoza","","","5501","s/d","s/d","https://www.cinemarkhoyts.com.ar","","-32.95253700000000000000","-68.85568400000000000000","","","INCAA / SInCA","Cine","Salas de cine","Privado comercial","10","1681",""
"Tadicor Las Heras","Juan Dragui Lucero 1450","Las Heras","Las Heras (Mendoza)","Mendoza","","","5539","s/d","s/d","http://www.tadicor.com/Cines.php","","-32.85318900000000000000","-68.80814800000000000000","","","INCAA / SInCA","Cine","Salas de cine","Privado comercial","2","284",""
"Cine Teatro Imperial","Pablo Pescara Y Peron","Maipu","Maipu (Mendoza)","Mendoza","","","5515","s/d","s/d","https://www.facebook.com/pg/Cineteatroimperial/","Espacio INCAA","-32.98293030000000000000","-68.78722760000000000000","","","INCAA / SInCA","Cine","Salas de cine","Privado comercial","1","600",""
"Cinepolis Arena Maipu","Emilio Civit Y Maza","Maipu","Maipu (Mendoza)","Mendoza","","","5515","s/d","s/d","https://www.villagecines.com/","","-32.97484300000000000000","-68.79617800000000000000","","","INCAA / SInCA","Cine","Salas de cine","Privado comercial","5","949",""
"Sala Maiten","Ruta 40 Norte Y Pje Orteguina","Malargue","Malargue (Mendoza)","Mendoza","","","5613","s/d","s/d","https://www.malargue.gov.ar/","","-35.48035000000000000000","-69.58467000000000000000","","","INCAA / SInCA","Cine","Salas de cine","Público municipal","1","160",""
"Cine Universidad","Juan Agustín Maza 250","Mendoza","Capital (Mendoza)","Mendoza","","","5500","s/d","s/d","http://cine.uncuyo.edu.ar/","","-32.88854700000000000000","-68.83739500000000000000","","","INCAA / SInCA","Cine","Salas de cine","Público nacional","2","350",""
"Cinemacenter Mendoza","Las Cañas 1833","Mendoza","Capital (Mendoza)","Mendoza","","","5519","s/d","s/d","http://www.cinemacenter.com.ar/","","-32.91257600000000000000","-68.82026200000000000000","","","INCAA / SInCA","Cine","Salas de cine","Privado comercial","6","1361",""
"Cinepolis Mendoza","Av. Acceso Este 3280 Lateral Norte","Mendoza","Capital (Mendoza)","Mendoza","","","5521","s/d","s/d","https://www.villagecines.com/","","-32.90203700000000000000","-68.79800300000000000000","","","INCAA / SInCA","Cine","Salas de cine","Privado comercial","10","2344",""
"Microcine Municipal David Eisenchlas","9 De Julio 500","Mendoza","Capital (Mendoza)","Mendoza","","Subsuelo","5500","s/d","s/d","","","-32.89656300000000000000","-68.84248800000000000000","","","INCAA / SInCA","Cine","Salas de cine","Público municipal","1","115",""
"Porky`S","Lavalle 32","Mendoza","Capital (Mendoza)","Mendoza","","Piso 1","5500","s/d","s/d","","","-32.88851800000000000000","-68.83826400000000000000","","","INCAA / SInCA","Cine","Salas de cine","Privado comercial","1","70",""
"Centro Cultural Juan Centorbi","Lavalle 740","Rivadavia","Rivadavia (Mendoza)","Mendoza","","","5577","s/d","s/d","","","-33.19337800000000000000","-68.46537000000000000000","","","INCAA / SInCA","Cine","Salas de cine","Público municipal","1","963",""
"Cine Cervantes San Martin","9 De Julio 187","San Martin","San Martin (Mendoza)","Mendoza","","","5570","s/d","s/d","http://www.cinecervantes.com","","-33.08092800000000000000","-68.47159600000000000000","","","INCAA / SInCA","Cine","Salas de cine","Privado comercial","1","328",""
"Tadicor San Martin","Lateral Sur Ruta Nacional 7 Sin Nro","San Martin","San Martin (Mendoza)","Mendoza","","","5570","s/d","s/d","htpp:/www.tadicor.com sección cines","","-32.85346800000000000000","-68.80818400000000000000","","","INCAA / SInCA","Cine","Salas de cine","Privado comercial","2","302",""
"Centro Cultural San Rafael del Diamante","Av. Hipolito Yrigoyen 280","San Rafael","San Rafael (Mendoza)","Mendoza","","","5600","s/d","s/d","https://www.facebook.com/TeatroRomaSanRafael","Espacio INCAA","-34.61482250000000000000","-68.33314980000000000000","","","INCAA / SInCA","Cine","Salas de cine","Público municipal","1","690",""
"Cine Amelix","San Martin 139","San Rafael","San Rafael (Mendoza)","Mendoza","","","5600","s/d","s/d","https://www.facebook.com/CineAmelix/","","-34.61461300000000000000","-68.32930500000000000000","","","INCAA / SInCA","Cine","Salas de cine","Privado comercial","2","359",""
"Cinema Américo","La Gloria 1777","Tupungato","Tupungato (Mendoza)","Mendoza","","","5561","s/d","s/d","https://www.facebook.com/Cinemaamericotupungatomendoza","","-33.34942160000000000000","-69.15121490000000000000","","","INCAA / SInCA","Cine","Salas de cine","Privado comercial","1","113",""
"Cine Teatro Obera","San Martin 1069","Obera","Obera (Misiones)","Misiones","","","3360","s/d","s/d","https://www.facebook.com/CineTeatroObera/","Espacio INCAA","-27.48820800000000000000","-55.12230500000000000000","","","INCAA / SInCA","Cine","Salas de cine","Público municipal","1","220",""
"Microcines Obera","Av. Sarmiento 1044","Obera","Obera (Misiones)","Misiones","","","3360","s/d","s/d","www.cinescasinoobera.com.ar/","","-27.48614000000000000000","-55.12317200000000000000","","","INCAA / SInCA","Cine","Salas de cine","Privado comercial","2","292",""
"Imax Del Conocimiento","Ruta 12 Y Acceso Oeste (Av. Ulises Lopez)","Posadas","Capital (Misiones)","Misiones","","","3300","s/d","s/d","https://www.parquedelconocimiento.com/","","-27.39619800000000000000","-55.96347700000000000000","","","INCAA / SInCA","Cine","Salas de cine","Público provincial","1","546",""
"Sunstar Posadas","Bolivar 1979","Posadas","Capital (Misiones)","Misiones","","","3300","s/d","s/d","http://www.cinesunstar.com/","","-27.36677500000000000000","-55.89562600000000000000","","","INCAA / SInCA","Cine","Salas de cine","Privado comercial","4","559",""
"Cinemark Neuquén","Av. Dr. Ramón 355","Neuquen","Confluencia (Neuquén)","Neuquén","","","8300","s/d","s/d","https://www.cinemarkhoyts.com.ar/","","-38.94201140000000000000","-68.06477700000000000000","","","INCAA / SInCA","Cine","Salas de cine","Privado comercial","6","1113",""
"Auditorio Casa de la Cultura","Perón y 20 de Diciembre","Rincon de los Sauces","Pehuenches (Neuquén)","Neuquén","","","8319","s/d","s/d","Facebook: Cine Casa de la Cultura Rincón de los Sauces","","-37.38986600000000000000","-68.92338700000000000000","","","INCAA / SInCA","Cine","Salas de cine","Público municipal","1","98",""
"Cine Rex Cutral Co","Av. Del Trabajo 676","Cutral Co","Confluencia (Neuquén)","Neuquén","","","8200","s/d","s/d","http://www.cinerexcutralco.com.ar","","-38.93714500000000000000","-69.22888600000000000000","","","INCAA / SInCA","Cine","Salas de cine","Privado comercial","1","290",""
"Cine Teatro Español","Av. Argentina 245","Neuquen","Confluencia (Neuquén)","Neuquén","","","8300","s/d","s/d","https://www.facebook.com/cineteatronqn/","Espacio INCAA","-38.95250200000000000000","-68.05886850000000000000","","","INCAA / SInCA","Cine","Salas de cine","Privado comercial","1","639",""
"Cinepolis Neuquen","Av. Antartida Argentina 1111","Neuquen","Confluencia (Neuquén)","Neuquén","","","8300","s/d","s/d","https://www.villagecines.com/","","-38.94753500000000000000","-68.08014100000000000000","","","INCAA / SInCA","Cine","Salas de cine","Privado comercial","7","1894",""
"Centro Cultural Cotesma","Gral. Roca 1154","San Martin de los Andes","Lacar (Neuquén)","Neuquén","","","8370","s/d","s/d","http://centrocultural.cotesma.com.ar","Espacio INCAA","-40.15738300000000000000","-71.35183720000000000000","","","INCAA / SInCA","Cine","Salas de cine","Privado comercial","2","398",""
"Cine Teatro Municipal Amado Sapag","San Martin 281","Zapala","Zapala (Neuquén)","Neuquén","","","8340","s/d","s/d","Facebook: Cine Teatro de Zapala","Espacio INCAA","-38.90354560000000000000","-70.06491820000000000000","","","INCAA / SInCA","Cine","Salas de cine","Público municipal","1","738",""
"Lorenzo Kelly","Fernandez Oro 55","Cipolletti","General Roca (Río Negro)","Río Negro","","PISO 1","8324","s/d","s/d","https://ccc.cipolletti.gob.ar/","Espacio INCAA","-38.94054500000000000000","-68.00120230000000000000","","","INCAA / SInCA","Cine","Salas de cine","Público municipal","1","140",""
"Sunstar Bariloche","Onelli 447","San Carlos de Bariloche","Bariloche (Río Negro)","Río Negro","","","8400","s/d","s/d","http://www.cinesunstar.com/","","-41.13347200000000000000","-71.31027800000000000000","","","INCAA / SInCA","Cine","Salas de cine","Privado comercial","3","461",""
"Cine Teatro Español","Av. Roca 326","Cinco Saltos","General Roca (Río Negro)","Río Negro","","","8303","s/d","s/d","https://www.facebook.com/cineespanolCS/","Espacio INCAA","-38.82830100000000000000","-68.06446700000000000000","","","INCAA / SInCA","Cine","Salas de cine","Privado comercial","1","320",""
"Cine Rex Gral. Roca","Av. Roca 1585","General Roca","General Roca (Río Negro)","Río Negro","","","8332","s/d","s/d","http://cinerexroca.com.ar","","-39.02737700000000000000","-67.57543600000000000000","","","INCAA / SInCA","Cine","Salas de cine","Privado comercial","2","300",""
"Cine Rex Viedma","Gallardo 160","Viedma","Adolfo Alsina (Río Negro)","Río Negro","","","8500","s/d","s/d","https://cines.com/argentina/cine-gama/","","-40.81081200000000000000","-62.98849700000000000000","","","INCAA / SInCA","Cine","Salas de cine","Privado comercial","1","350",""
"Cine Teatro Circulo Italiano","Av. Rivadavia 117","Villa Regina","General Roca (Río Negro)","Río Negro","","","8336","s/d","s/d","http://cineteatrocirculo.com.ar/","Espacio INCAA","-39.09326360000000000000","-67.08392560000000000000","","","INCAA / SInCA","Cine","Salas de cine","Privado comercial","1","661",""
"Cine Municipal De La Cultura Oran","Hipolito Yrigoyen 137","San Ramon de la Nueva Oran","Oran (Salta)","Salta","","","4530","s/d","s/d","","Espacio INCAA","-23.13513220000000000000","-64.32221540000000000000","","","INCAA / SInCA","Cine","Salas de cine","Público municipal","1","280",""
"Cine Opera","Urquiza 560","Salta","Capital (Salta)","Salta","","","4400","s/d","s/d","http://cineoperasalta.com.ar/","","-24.79240300000000000000","-65.41075800000000000000","","","INCAA / SInCA","Cine","Salas de cine","Privado comercial","2","682",""
"Cine Rex","Av. San Martin 1170","Salta","Capital (Salta)","Salta","","","4400","s/d","s/d","","","-24.79296700000000000000","-65.41917500000000000000","","","INCAA / SInCA","Cine","Salas de cine","Privado comercial","2","353",""
"Cinemark Salta","Av. Monseñor Tavella 4400","Salta","Capital (Salta)","Salta","","","4400","s/d","s/d","https://www.cinemarkhoyts.com.ar","","-24.83230200000000000000","-65.42845800000000000000","","","INCAA / SInCA","Cine","Salas de cine","Privado comercial","5","897",""
"Hoyts Nuevo Noa","Virrey Toledo 702","Salta","Capital (Salta)","Salta","","","4400","s/d","s/d","https://www.cinemarkhoyts.com.ar/","","-24.78147200000000000000","-65.40354700000000000000","","","INCAA / SInCA","Cine","Salas de cine","Privado comercial","8","1362",""
"Cine Club Center","20 De Febrero 19","San Jose de Metan (Est. Metan)","Metan (Salta)","Salta","","piso 1","4440","s/d","s/d","https://www.facebook.com/cinecentermetan/","","-25.49984630000000000000","-64.97417800000000000000","","","INCAA / SInCA","Cine","Salas de cine","Privado comercial","1","80",""
"Open Plaza","Guemes 421","Tartagal","Grl. Jose de San Martin (Salta)","Salta","","","4560","s/d","s/d","http://www.cineopenplaza.com.ar","","-22.51593300000000000000","-63.80501800000000000000","","","INCAA / SInCA","Cine","Salas de cine","Privado comercial","1","220",""
"Cinemacenter San Juan","Av. Circunvalacion Y Scalabrini Ortiz","San Juan","Capital (San Juan)","San Juan","","","5400","s/d","s/d","http://www.cinemacenter.com.ar/","","-31.52259300000000000000","-68.54260400000000000000","","","INCAA / SInCA","Cine","Salas de cine","Privado comercial","8","1803",""
"CPM Espacio San Juan","Av. Jose Ignacio De La Roza Oeste 806","San Juan","Capital (San Juan)","San Juan","","","5417","s/d","s/d","https://cpmcines.com/","","-31.53987100000000000000","-68.57283900000000000000","","","INCAA / SInCA","Cine","Salas de cine","Privado comercial","5","849",""
"Play Cinema San Juan","Av. Libertador 1826 (Oeste)","San Juan","Capital (San Juan)","San Juan","","","5400","s/d","s/d","http://www.playcinema.net/","","-31.53176600000000000000","-68.55143200000000000000","","","INCAA / SInCA","Cine","Salas de cine","Privado comercial","6","1071",""
"UPCN - San Juan","Sarmiento 461 Sur","San Juan","Capital (San Juan)","San Juan","","","5400","s/d","s/d","http://www.upcndigital.org/san-juan","","-31.52639000000000000000","-68.53364400000000000000","","","INCAA / SInCA","Cine","Salas de cine","Privado comercial","1","298",""
"Cine Star Merlo","Av. Del Sol 1120","Merlo","Junin (San Luis)","San Luis","","","5881","s/d","s/d","https://www.facebook.com/CineStarMerlo/","","-32.34699100000000000000","-64.99821400000000000000","","","INCAA / SInCA","Cine","Salas de cine","Privado comercial","1","100",""
"Cinemacenter San Luis","J. A. Roca 260","San Luis","La Capital (San Luis)","San Luis","","","5700","s/d","s/d","http://www.cinemacenter.com.ar/","","-33.30922400000000000000","-66.32764700000000000000","","","INCAA / SInCA","Cine","Salas de cine","Privado comercial","7","1951",""
"Cines Fenix","Pueyrredon 1651","Villa Mercedes","General Pedernera (San Luis)","San Luis","","","5730","s/d","s/d","http://www.cinesfenix.com","","-33.66301900000000000000","-65.46434400000000000000","","","INCAA / SInCA","Cine","Salas de cine","Privado comercial","3","475",""
"Cine Municipal Caleta Olivia","J. Newbery y Deocarets S/N","Caleta Olivia","Deseado (Santa Cruz)","Santa Cruz","","Piso 1","9011","s/d","s/d","https://www.mechenien.org.ar/","Espacio INCAA","-46.43750600000000000000","-67.52675000000000000000","","","INCAA / SInCA","Cine","Salas de cine","Privado comercial","1","350",""
"Cine Select","Av. Gregorio Ibañez 388","Comandante Luis Piedrabuena","Corpen Aike (Santa Cruz)","Santa Cruz","","","9303","s/d","s/d","https://www.facebook.com/multiespacioselect","Espacio INCAA","-49.98369100000000000000","-68.90921000000000000000","","","INCAA / SInCA","Cine","Salas de cine","Público municipal","1","288",""
"Cine Municipal Abuelas de Plaza de Mayo","Av. San Martin 514","Gobernador Gregores","Rio Chico (Santa Cruz)","Santa Cruz","","","9311","s/d","s/d","http://www.santacruz.gob.ar","","-48.75080100000000000000","-70.24660500000000000000","","","INCAA / SInCA","Cine","Salas de cine","Público municipal","1","80",""
"Osvaldo Jorge Bayer","13 De Diciembre Y Malvinas S/N","Las Heras","Deseado (Santa Cruz)","Santa Cruz","","","9017","s/d","s/d","https://www.facebook.com/pg/centroculturallasheras","","-46.53858900000000000000","-68.94415300000000000000","","","INCAA / SInCA","Cine","Salas de cine","Privado comercial","1","196",""
"Cine Auditorio Deseado "ESPACIO INCAA"","Don Bosco 1075","Puerto Deseado","Deseado (Santa Cruz)","Santa Cruz","","","9050","s/d","s/d","https://www.facebook.com/CineDeseado/","Espacio INCAA","-47.75205380000000000000","-65.89512810000000000000","","","INCAA / SInCA","Cine","Salas de cine","Privado comercial","1","142",""
"Cine Teatro Talia","25 De Mayo 1188","Puerto San Julian","Magallanes (Santa Cruz)","Santa Cruz","","","9310","s/d","s/d","https://www.facebook.com/pg/cineteatrotalia","Espacio INCAA","-49.31522700000000000000","-67.72210300000000000000","","","INCAA / SInCA","Cine","Salas de cine","Privado comercial","1","340",""
"Auditorio Municipal","25 De Mayo 513","Puerto Santa Cruz","Corpen Aike (Santa Cruz)","Santa Cruz","","","9300","s/d","s/d","https://www.facebook.com/CineMPSC/","","-50.01647200000000000000","-68.51789600000000000000","","","INCAA / SInCA","Cine","Salas de cine","Público municipal","1","150",""
"Cine Rio Gallegos","Av. Nestor Kirchner 1142","Rio Gallegos","Guer Aike (Santa Cruz)","Santa Cruz","","","9400","s/d","s/d","http://www.cineriogallegos.com.ar/","","-51.61991700000000000000","-69.21873500000000000000","","","INCAA / SInCA","Cine","Salas de cine","Privado comercial","3","290",""
"Luna De Avellaneda","Av. San Martin 810","Avellaneda","General Obligado (Santa Fe)","Santa Fe","","","3561","s/d","s/d","http://www.cinelunadeavellaneda.com","","-29.11806100000000000000","-59.65485300000000000000","","","INCAA / SInCA","Cine","Salas de cine","Privado comercial","1","299",""
"Cine Teatro Libertador","Buenos Aires 2441","Casilda","Caseros (Santa Fe)","Santa Fe","","","2170","s/d","s/d","http://www.cinelibertador.com.ar","","-33.04624500000000000000","-61.16956800000000000000","","","INCAA / SInCA","Cine","Salas de cine","Privado comercial","1","1014",""
"E-Max Cines","Brigadier Lopez 1471","Esperanza","Las Colonias (Santa Fe)","Santa Fe","","","3080","s/d","s/d","http://www.e-max.com.ar","","-31.45082600000000000000","-60.89548300000000000000","","","INCAA / SInCA","Cine","Salas de cine","Privado comercial","3","584",""
"Cine Teatro Municipal Manuel Belgrano","Bv. Santa Fe 555","Rafaela","Castellanos (Santa Fe)","Santa Fe","","","2300","s/d","s/d","http://www.rafaela.gob.ar/cine/","Espacio INCAA","-31.25370760000000000000","-61.48564560000000000000","","","INCAA / SInCA","Cine","Salas de cine","Público municipal","1","1049",""
"Las Tipas Rafaela","C. Conscripto Zurbriggen 865","Rafaela","Castellanos (Santa Fe)","Santa Fe","","","2300","s/d","s/d","www.lastipasrafaela.com.ar/","","-31.24256700000000000000","-61.50531900000000000000","","","INCAA / SInCA","Cine","Salas de cine","Privado comercial","4","920",""
"Cine Recite","Habegger 755","Reconquista","General Obligado (Santa Fe)","Santa Fe","","","3560","s/d","s/d","http://www.cinerecite.com.ar","","-29.14859600000000000000","-59.64283900000000000000","","","INCAA / SInCA","Cine","Salas de cine","Privado comercial","1","156",""
"Arteon","Sarmiento 778","Rosario","Rosario (Santa Fe)","Santa Fe","","Planta Alta","2000","s/d","s/d","http://www.arteon.com.ar/","Espacio INCAA","-32.94618200000000000000","-60.63816600000000000000","","","INCAA / SInCA","Cine","Salas de cine","Privado comercial","1","186",""
"Centro Cultural Cine Lumiere","Velez Sarfield 1029","Rosario","Rosario (Santa Fe)","Santa Fe","","","2000","s/d","s/d","http://www.lumiererosario.gob.ar","","-32.92499200000000000000","-60.67715600000000000000","","","INCAA / SInCA","Cine","Salas de cine","Público municipal","1","420",""
"Cinepolis Rosario","Eva Peron 5856","Rosario","Rosario (Santa Fe)","Santa Fe","","","2000","s/d","s/d","https://www.villagecines.com/","","-32.93305300000000000000","-60.71294900000000000000","","","INCAA / SInCA","Cine","Salas de cine","Privado comercial","13","3458",""
"Cines Del Centro","Rioja 1660","Rosario","Rosario (Santa Fe)","Santa Fe","","Planta Alta","2000","s/d","s/d","","","-32.94617700000000000000","-60.64632400000000000000","","","INCAA / SInCA","Cine","Salas de cine","Privado comercial","4","659",""
"El Cairo","Santa Fe 1120","Rosario","Rosario (Santa Fe)","Santa Fe","","","2000","s/d","s/d","http://elcairocinepublico.gob.ar/","","-32.95144000000000000000","-60.63943700000000000000","","","INCAA / SInCA","Cine","Salas de cine","Público provincial","1","442",""
"Hoyts Rosario","Nansen 323","Rosario","Rosario (Santa Fe)","Santa Fe","","","2000","s/d","s/d","https://www.cinemarkhoyts.com.ar/","","-32.90946100000000000000","-60.68308400000000000000","","","INCAA / SInCA","Cine","Salas de cine","Privado comercial","9","1911",""
"Microcine De La Cortada","Ctda Ricardone 1244","Rosario","Rosario (Santa Fe)","Santa Fe","","","2000","s/d","s/d","","","-32.94773000000000000000","-60.64028600000000000000","","","INCAA / SInCA","Cine","Salas de cine","Privado comercial","1","96",""
"Monumental Rosario","San Martin 993","Rosario","Rosario (Santa Fe)","Santa Fe","","","2000","s/d","s/d","https://www.multiplex.com.ar/","","-32.94899000000000000000","-60.63733800000000000000","","","INCAA / SInCA","Cine","Salas de cine","Privado comercial","9","1471",""
"Showcase Rosario","Junin 501","Rosario","Rosario (Santa Fe)","Santa Fe","","","2000","s/d","s/d","https://www.todoshowcase.com/","","-32.92650300000000000000","-60.67080600000000000000","","","INCAA / SInCA","Cine","Salas de cine","Privado comercial","14","3391",""
"Sala Hispano","Av. Cobo 185","Rufino","General Lopez (Santa Fe)","Santa Fe","","Planta Alta","6100","s/d","s/d","","Espacio INCAA","-34.26309490000000000000","-62.71155170000000000000","","","INCAA / SInCA","Cine","Salas de cine","Público municipal","1","330",""
"Las Tipas San Jorge","Eva Peron 1388","San Jorge","San Martin (Santa Fe)","Santa Fe","","","2451","s/d","s/d","http://www.lastipassanjorge.com.ar/","","-31.89526200000000000000","-61.85950000000000000000","","","INCAA / SInCA","Cine","Salas de cine","Privado comercial","1","260",""
"Brown Cinema 3D","Cangallo 304","San Vicente","Castellanos (Santa Fe)","Santa Fe","","","2447","s/d","s/d","http://browncinema3d.com.ar/","","-31.69895200000000000000","-61.56719600000000000000","","","INCAA / SInCA","Cine","Salas de cine","Privado comercial","1","224",""
"Cine America","25 De Mayo 3075","Santa Fe","La Capital (Santa Fe)","Santa Fe","","","3000","s/d","s/d","","","-31.64052500000000000000","-60.70422000000000000000","","","INCAA / SInCA","Cine","Salas de cine","Privado comercial","1","380",""
"Cinemark Santa Fe","Dique 1 Puerto Santa Fe","Santa Fe","La Capital (Santa Fe)","Santa Fe","","","3000","s/d","s/d","https://www.cinemarkhoyts.com.ar","","-31.64885200000000000000","-60.70404000000000000000","","","INCAA / SInCA","Cine","Salas de cine","Privado comercial","7","1527",""
"Cinema Casey","Av. Casey 790","Venado Tuerto","General Lopez (Santa Fe)","Santa Fe","","Piso 1","2600","s/d","s/d","http://cinemacasey.com.ar","","-33.74637100000000000000","-61.96812500000000000000","","","INCAA / SInCA","Cine","Salas de cine","Privado comercial","2","249",""
"Cine Teatro Municipal Renzi","Av. Besares 151","La Banda","Banda (Santiago del Estero)","Santiago del Estero","","","4300","s/d","s/d","https://www.facebook.com/CineRenzi/","Espacio INCAA","-27.73175140000000000000","-64.24261230000000000000","","","INCAA / SInCA","Cine","Salas de cine","Público municipal","1","152",""
"Cinemacenter La Banda","Aut. Juan D. Peron S/N Parque Industrial","La Banda","Banda (Santiago del Estero)","Santiago del Estero","","","4200","s/d","s/d","http://www.cinemacenter.com.ar/","","-27.76248700000000000000","-64.24480400000000000000","","","INCAA / SInCA","Cine","Salas de cine","Privado comercial","3","822",""
"Sunstar Santiago del Estero","Av. Rivadavia Y Ejercito Argentino","Santiago del Estero","Capital (Santiago del Estero)","Santiago del Estero","","","4200","s/d","s/d","http://www.cinesunstar.com/","","-27.78442000000000000000","-64.26728100000000000000","","","INCAA / SInCA","Cine","Salas de cine","Privado comercial","5","1585",""
"Nuevo Cine Rex","Bolivar 15","Termas de Rio Hondo","Rio Hondo (Santiago del Estero)","Santiago del Estero","","","4220","s/d","s/d","http://www.santacruz.gob.ar","","-27.49683800000000000000","-64.85833000000000000000","","","INCAA / SInCA","Cine","Salas de cine","Privado comercial","1","233",""
"El Cine","9 De Julio 838","Rio Grande","Rio Grande (Tierra del Fuego)","Tierra del Fuego","","","9420","s/d","s/d","http://www.cinemas4riogrande.com.ar","","-53.79008100000000000000","-67.69795900000000000000","","","INCAA / SInCA","Cine","Salas de cine","Privado comercial","2","584",""
"Cine Teatro Pakewaia","Yaganes Y Gob Paz (Base Naval)","Ushuaia","Ushuaia (Tierra del Fuego)","Tierra del Fuego","","","9410","s/d","s/d","www.cinepackewaia.com.ar/","","-54.80191200000000000000","-68.30295100000000000000","","","INCAA / SInCA","Cine","Salas de cine","Privado comercial","1","300",""
"Sunstar Ushuaia","Av. Perito Moreno 1460","Ushuaia","Ushuaia (Tierra del Fuego)","Tierra del Fuego","","","9410","s/d","s/d","http://www.cinesunstar.com/","","-54.79994270000000000000","-68.28011510000000000000","","","INCAA / SInCA","Cine","Salas de cine","Privado comercial","3","561",""
"Atlas Vía 24","24 de Septiembre 757","San Miguel de Tucuman","Capital (Tucumán)","Tucumán","","","4000","s/d","s/d","https://www.cineatlasweb.com.ar/","","-26.83016890000000000000","-65.20874180000000000000","","","INCAA / SInCA","Cine","Salas de cine","Privado comercial","2","264",""
"Cine Popular San Miguel de Tucumán","Lavalle 688","San Miguel de Tucuman","Capital (Tucumán)","Tucumán","","","4000","s/d","s/d","","","-26.83879310000000000000","-65.20949950000000000000","","","INCAA / SInCA","Cine","Salas de cine","Privado comercial","1","50",""
"Sala Hynes O´Connor","San Martín 251","San Miguel de Tucuman","Capital (Tucumán)","Tucumán","","","4000","s/d","s/d","","Espacio INCAA","-26.83023710000000000000","-65.20058460000000000000","","","INCAA / SInCA","Cine","Salas de cine","Público provincial","1","80",""
"Cine Popular de Yerba Buena","Av. Aconquija 2060","Yerba Buena - Marcos Paz","Yerba Buena (Tucumán)","Tucumán","","","4107","s/d","s/d","","","-26.81230170000000000000","-65.30031260000000000000","","","INCAA / SInCA","Cine","Salas de cine","Privado comercial","1","50",""
"Atlas Shopping Terminal","Av. Brigido Teran 250","San Miguel de Tucuman","Capital (Tucumán)","Tucumán","","","4000","s/d","s/d","cineatlasweb.com.ar","","-26.83470100000000000000","-65.19405900000000000000","","","INCAA / SInCA","Cine","Salas de cine","Privado comercial","2","219",""
"Atlas Tucuman","Monteagudo 250","San Miguel de Tucuman","Capital (Tucumán)","Tucumán","","","4000","s/d","s/d","cineatlasweb.com.ar","","-26.82851600000000000000","-65.19931200000000000000","","","INCAA / SInCA","Cine","Salas de cine","Privado comercial","3","797",""
"Cinemacenter Tucuman","Av. Nestor Kirchner(Ex Av. Roca) 3450","San Miguel de Tucuman","Capital (Tucumán)","Tucumán","","Piso 1","4000","s/d","s/d","http://www.cinemacenter.com.ar/","","-26.83447000000000000000","-65.25229800000000000000","","","INCAA / SInCA","Cine","Salas de cine","Privado comercial","5","1051",""
"Espacio Incaa Sala Orestes Caviglia","San Martin 251","San Miguel de Tucuman","Capital (Tucumán)","Tucumán","","","4000","s/d","s/d","https://enteculturaltucuman.gob.ar/","Espacio INCAA","-26.83037030000000000000","-65.20070300000000000000","","","INCAA / SInCA","Cine","Salas de cine","Público provincial","1","183",""
"Microcine Orion","Av. Mitre 817","San Miguel de Tucuman","Capital (Tucumán)","Tucumán","","","4000","s/d","s/d","","","-26.81721200000000000000","-65.21548100000000000000","","","INCAA / SInCA","Cine","Salas de cine","Público municipal","1","36",""
"Solar del Cerro","Av. Aconquija 1336","Yerba Buena - Marcos Paz","Yerba Buena (Tucumán)","Tucumán","","","4107","s/d","s/d","http://solardelcerro.com","","-26.81417900000000000000","-65.28893700000000000000","","","INCAA / SInCA","Cine","Salas de cine","Privado comercial","5","750",""
"Sunstar Tucuman","Av. Fermin Carriola 42","Yerba Buena - Marcos Paz","Yerba Buena (Tucumán)","Tucumán","","","4107","s/d","s/d","http://www.cinesunstar.com/","","-26.82097600000000000000","-65.26589400000000000000","","","INCAA / SInCA","Cine","Salas de cine","Privado comercial","6","1295",""
