,Nombre,Domicilio,Localidad,Departamento,Provincia,CP,Latitud,Longitud,Gestion,Pantallas,Butacas
0,Cine Teatro Español,Calle 9 entre 29 Y 30,25 de Mayo,25 de Mayo (Buenos Aires),Buenos Aires,6660,-35.430488,-60.170686,Público municipal,1,500
1,Cine Santa Rosa De Lima,Santa Rosa De Lima 170,30 de Agosto,Trenque Lauquen (Buenos Aires),Buenos Aires,6405,-36.278508,-62.544355,Público municipal,1,410
2,Tu Cine 9 de Julio,Robbio 840,9 de Julio,9 de Julio (Buenos Aires),Buenos Aires,6500,-35.4462648,-60.8857887,Privado comercial,1,165
3,Cinema Adrogue,Hipolito Yrigoyen 13200,Almirante Brown,Almirante Brown (Buenos Aires),Buenos Aires,1846,-34.80811,-58.4024,Privado comercial,10,2505
4,CPM Paseo Adrogue,Segui 699,Almirante Brown,Almirante Brown (Buenos Aires),Buenos Aires,1846,-34.800097,-58.396753,Privado comercial,4,710
5,Cinemark Alto Avellaneda,Guemes 897,Avellaneda,Avellaneda (Buenos Aires),Buenos Aires,1870,-34.677993,-58.36723,Privado comercial,6,1275
6,Cinepolis Avellaneda,Autopista Bs. As. - La Plata Km 6,Avellaneda,Avellaneda (Buenos Aires),Buenos Aires,1870,-34.680206,-58.332777,Privado comercial,16,3485
7,Flix Cinema,Bolivar 416,Azul,Azul (Buenos Aires),Buenos Aires,7300,-36.77836,-59.864783,Privado comercial,1,160
8,Cine Vision,Belgrano 153,Bahia Blanca,Bahia Blanca (Buenos Aires),Buenos Aires,8000,-38.718149,-62.262122,Privado comercial,3,907
9,Cine Visual,Chiclana 452,Bahia Blanca,Bahia Blanca (Buenos Aires),Buenos Aires,8000,-38.722103,-62.261507,Privado comercial,2,501
10,Cinemacenter Bahia Blanca,Av. Sarmiento 2153,Bahia Blanca,Bahia Blanca (Buenos Aires),Buenos Aires,8000,-38.698777,-62.244043,Privado comercial,7,1501
11,Cine Paris 2D Balcarce,Calle 18 684,Balcarce,Balcarce (Buenos Aires),Buenos Aires,7620,-37.848567,-58.256225,Privado comercial,1,272
12,Centro Cultural Atilio Marinelli,Otamendi y Av. San Martin,Benito Juarez,Benito Juarez (Buenos Aires),Buenos Aires,7020,-37.682663,-59.816052,Público municipal,1,350
13,Cine Avenida,Av. San Martin 642,San Carlos de Bolivar,Bolivar (Buenos Aires),Buenos Aires,6550,-36.231224,-61.113367,Privado comercial,1,256
14,Cinemark Soleil,Bernardo De Yrigoyen 2647,San Isidro,San Isidro (Buenos Aires),Buenos Aires,1609,-34.490982,-58.58856,Privado comercial,6,1895
15,Centro Cultural Florencio Constantino,Belgrano 1260,Bragado,Bragado (Buenos Aires),Buenos Aires,6640,-35.11502,-60.489391,Público municipal,1,750
16,Cine Teatro Paramount,Tres De Febrero 2561,Tres de Febrero,Tres de Febrero (Buenos Aires),Buenos Aires,1678,-34.605396,-58.563977,Público municipal,2,645
17,Cine Teatro Avenida,Av. 25 De Mayo 540,Castelli,Castelli (Buenos Aires),Buenos Aires,7114,-36.0899001,-57.8030217,Público municipal,1,254
18,Cine Teatro Español,Pueyrredón 29,Chacabuco,Chacabuco (Buenos Aires),Buenos Aires,6740,-34.641214,-60.471635,Privado comercial,1,700
19,Teatro Italiano Espacio INCAA,Av. Alsina 29,Chacabuco,Chacabuco (Buenos Aires),Buenos Aires,6740,-34.6430186,-60.4700374,Público municipal,1,289
20,Cine Español Chivilcoy,Av. Soarez 86,Chivilcoy,Chivilcoy (Buenos Aires),Buenos Aires,6620,-34.90193,-60.015456,Privado comercial,1,500
21,Metropol,Av. Ceballos 29,Chivilcoy,Chivilcoy (Buenos Aires),Buenos Aires,6620,-34.895844,-60.020493,Privado comercial,1,500
22,Tu Cine Chivilcoy,Pellegrini 225,Chivilcoy,Chivilcoy (Buenos Aires),Buenos Aires,6620,-34.8931179,-60.0160649,Privado comercial,2,348
23,Nuevo Ciudadela,Av. Maipu 3927,Tres de Febrero,Tres de Febrero (Buenos Aires),Buenos Aires,1702,-34.639772,-58.54124,Privado comercial,2,350
24,Cine Teatro Colon,Calle 48 Y 19,Colon,Colon (Buenos Aires),Buenos Aires,2720,-33.906237,-61.11381,Privado comercial,1,270
25,Cine Teatro Helios,Boulevard San Martin 3076,Moron,Moron (Buenos Aires),Buenos Aires,1684,-34.603921,-58.592904,Privado comercial,1,349
26,Canning Multiplex,Formosa 653,Ezeiza,Ezeiza (Buenos Aires),Buenos Aires,1804,-34.856114,-58.504664,Privado comercial,6,1132
27,Cinemacenter Florencio Varela,Av. San Martin 554,Florencio Varela,Florencio Varela (Buenos Aires),Buenos Aires,1888,-34.779714,-58.279417,Privado comercial,6,1327
28,Cine Teatro Español,Larrea 688,General Belgrano,General Belgrano (Buenos Aires),Buenos Aires,7223,-35.767143,-58.495995,Público municipal,1,378
29,Espacio INCAA Gral Madariaga,Dr. Carlos Madariaga 499,General Juan Madariaga,General Juan Madariaga (Buenos Aires),Buenos Aires,7163,-36.998699,-57.134121,Público municipal,1,230
30,CPM Catan,Ruta 3 Km 29 Bj Manuel De Rosas 14457,La Matanza,La Matanza (Buenos Aires),Buenos Aires,1759,-34.761032,-58.615582,Privado comercial,6,1114
31,Showcase Cinemas Haedo,Dr. Luis Guemes 393,Moron,Moron (Buenos Aires),Buenos Aires,1706,-34.644068,-58.595643,Privado comercial,14,3890
32,Tu Cine Junin,Jorge Newbery 263,Junin,Junin (Buenos Aires),Buenos Aires,6000,-34.583546,-60.945387,Privado comercial,3,453
33,Cine Municipal Ecoselect,19 Y 51,La Plata,La Plata (Buenos Aires),Buenos Aires,1900,-34.926546,-57.961577,Público municipal,1,60
34,Cine Municipal Select,Calle 50 entre 6 y 7,La Plata,La Plata (Buenos Aires),Buenos Aires,1900,-34.9142398,-57.9492262,Público municipal,1,174
35,Cinema 8,Calle 8 981,La Plata,La Plata (Buenos Aires),Buenos Aires,1900,-34.9169959,-57.9493148,Privado comercial,3,1084
36,Cinema City,Calle 50 723,La Plata,La Plata (Buenos Aires),Buenos Aires,1900,-34.9170872,-57.9524285,Privado comercial,3,640
37,Cinema Paradiso,Calle 46 780,La Plata,La Plata (Buenos Aires),Buenos Aires,1900,-34.915734,-57.956742,Privado comercial,4,603
38,Cinema Rocha,Calle 49 621,La Plata,La Plata (Buenos Aires),Buenos Aires,1900,-34.91472,-57.950898,Privado comercial,6,1613
39,Cinema San Martin,Calle 7 923,La Plata,La Plata (Buenos Aires),Buenos Aires,1900,-34.9153209,-57.9492754,Privado comercial,7,2184
40,Coto Lanus,Warnes 2450,Lanus,Lanus (Buenos Aires),Buenos Aires,1824,-34.690192,-58.419057,Privado comercial,8,2037
41,San Martin,San Martin 593,Las Flores,Las Flores (Buenos Aires),Buenos Aires,7200,-36.015599,-59.098583,Privado comercial,1,0
42,Las Toninas,Calle 7 1564 Entre 36 Y 38,Las Toninas,La Costa (Buenos Aires),Buenos Aires,7106,-36.494604,-56.696022,Privado comercial,1,245
43,Cine Club Jorge Newbery,Av. Massey 839,Lincoln,Lincoln (Buenos Aires),Buenos Aires,6070,-34.866042,-61.527907,Privado comercial,1,483
44,Cine Teatro Italiano,9 De Julio 142,Lobos,Lobos (Buenos Aires),Buenos Aires,7240,-35.1848326,-59.0958551,Público municipal,1,350
45,Cinemark Malvinas Argentinas,Av. Illia 3770,Malvinas Argentinas,Malvinas Argentinas (Buenos Aires),Buenos Aires,1613,-34.530697,-58.703113,Privado comercial,10,2414
46,Leonardo Favio,Mitre 841,Los Toldos,General Viamonte (Buenos Aires),Buenos Aires,6015,-35.000252,-61.037525,Privado comercial,1,330
47,Cinepolis Luján,R. Payró y Mario Bravo,Lujan,Lujan (Buenos Aires),Buenos Aires,6702,-34.546153,-59.109463,Privado comercial,6,1182
48,Cinema Rosso,Lavalle 410,Lujan,Lujan (Buenos Aires),Buenos Aires,6700,-34.564152,-59.115852,Privado comercial,2,197
49,Cine Teatro Sociedad Italiana,Rivadavia 555,Maipu,Maipu (Buenos Aires),Buenos Aires,7160,-36.861231,-57.883152,Privado comercial,1,450
50,Atlantica California,Hipolito Irigoyen 18,Mar de Ajo - San Bernardo,La Costa (Buenos Aires),Buenos Aires,7112,-36.726598,-56.675313,Privado comercial,2,551
51,Ambassador,Cordoba 1673,Mar del Plata,General Pueyrredon (Buenos Aires),Buenos Aires,7600,-37.999077,-57.546914,Privado comercial,4,947
52,Cine Cristal,Entre Rios 1783,Mar del Plata,General Pueyrredon (Buenos Aires),Buenos Aires,7600,-38.002209,-57.543388,Privado comercial,2,40
53,Cines Paseo Aldrey,Alberti 1610,Mar del Plata,General Pueyrredon (Buenos Aires),Buenos Aires,7600,-38.01162,-57.542939,Privado comercial,6,1121
54,Herodes,Belgrano 2327,Mar del Plata,General Pueyrredon (Buenos Aires),Buenos Aires,7600,-38.002416,-57.545386,Privado comercial,2,120
55,Paseo Diagonal,Belgrano Y Diag. Pueyrredon 3058,Mar del Plata,General Pueyrredon (Buenos Aires),Buenos Aires,7600,-37.99894,-57.552262,Privado comercial,4,687
56,T.E.Y.C.I. Cinema,Rivadavia 3050,Mar del Plata,General Pueyrredon (Buenos Aires),Buenos Aires,7600,-37.997965,-57.552019,Privado comercial,2,487
57,Teatro Auditorium,Bv. Maritimo 2280,Mar del Plata,General Pueyrredon (Buenos Aires),Buenos Aires,7600,-38.006718,-57.545561,Público provincial,3,1563
58,Hoyts Unicenter,Parana 3745,San Isidro,San Isidro (Buenos Aires),Buenos Aires,1640,-34.508921,-58.523471,Privado comercial,16,3427
59,Cine Mercedes,Calle 20 728,Mercedes,Mercedes (Buenos Aires),Buenos Aires,6600,-34.652278,-59.433057,Privado comercial,1,190
60,Cine Atlantico,Calle 21 1564,Miramar,General Alvarado (Buenos Aires),Buenos Aires,7607,-38.268129,-57.841066,Privado comercial,1,902
61,Hoyts Moreno,Av. Victorica 1128,Moreno,Moreno (Buenos Aires),Buenos Aires,1744,-34.635647,-58.791968,Privado comercial,10,2476
62,Hoyts Moron,Juan Manuel De Rosas 658,Moron,Moron (Buenos Aires),Buenos Aires,1744,-34.634968,-58.629305,Privado comercial,8,1865
63,T. Municipalidad G. De La Ferrere,Alte. Brown 990,Moron,Moron (Buenos Aires),Buenos Aires,1708,-34.651188,-58.621931,Público municipal,1,133
64,Lumiton,Sargento Cabral 2354,Vicente Lopez,Vicente Lopez (Buenos Aires),Buenos Aires,1605,-34.527919,-58.515934,Público municipal,1,30
65,Showcase Norte,E. Echeverria 3750,Vicente Lopez,Vicente Lopez (Buenos Aires),Buenos Aires,1605,-34.514341,-58.522151,Privado comercial,17,4214
66,Cine Ocean,Calle 83 350,Necochea - Quequen,Necochea (Buenos Aires),Buenos Aires,7630,-38.579616,-58.731164,Privado comercial,3,1620
67,Cine Paris,General Paz 2720,Olavarria,Olavarria (Buenos Aires),Buenos Aires,7400,-36.894039,-60.323944,Privado comercial,2,383
68,Flix Olavarria,Rivadavia 4730,Olavarria,Olavarria (Buenos Aires),Buenos Aires,7400,-36.880816,-60.304409,Privado comercial,2,660
69,Centro Cultural York,Juan Bautista Alberdi 895,Vicente Lopez,Vicente Lopez (Buenos Aires),Buenos Aires,1636,-34.507715,-58.484962,Público municipal,1,280
70,Cinema Pergamino,Av. Mayo y San Nicolas,Pergamino,Pergamino (Buenos Aires),Buenos Aires,2700,-33.89284,-60.572327,Privado comercial,2,556
71,"Cine Teatro Municipal Pila Padre Adolfo Anastasio""""",Calle 6 y Calle 19,Pila,Pila (Buenos Aires),Buenos Aires,7116,-36.000073,-58.145664,Público municipal,1,178
72,Cinepolis Pilar,Panamericana Ac. Norte Km 50,Pilar,Pilar (Buenos Aires),Buenos Aires,1629,-34.455906,-58.908329,Privado comercial,9,2675
73,Palmas Multiplex,Las Magnolias 754,Pilar,Pilar (Buenos Aires),Buenos Aires,1629,-34.447067,-58.867098,Privado comercial,9,1407
74,Atlantica Oasis,Av. Shaw 644,Pinamar,Pinamar (Buenos Aires),Buenos Aires,7167,-38.722103,-62.261507,Privado comercial,2,744
75,Cinema Colon,Rivadavia 459,Punta Alta,Coronel de Marina L. Rosales (Buenos Aires),Buenos Aires,8109,-38.880196,-62.076721,Privado comercial,1,390
76,Cine Teatro Municipalidad De Quilmes,Mitre 721,Quilmes,Quilmes (Buenos Aires),Buenos Aires,1878,-34.722566,-58.253201,Público municipal,1,415
77,Hoyts General Cinema Quilmes,Av. Calchaqui 3950,Quilmes,Quilmes (Buenos Aires),Buenos Aires,1879,-34.759703,-58.278794,Privado comercial,12,2580
78,Showcase Quilmes,Olavarria 180,Quilmes,Quilmes (Buenos Aires),Buenos Aires,1878,-34.725459,-58.255294,Privado comercial,8,1730
79,Atlas Nordelta,Av. De Los Lagos 7010,Tigre,Tigre (Buenos Aires),Buenos Aires,1617,-34.39934,-58.653797,Privado comercial,5,969
80,Cine Frances,Bartolomé Mitre 328,Rojas,Rojas (Buenos Aires),Buenos Aires,2705,-34.198146,-60.732001,Privado comercial,1,230
81,Cine Teatro Soc. Italiana,Pueyrredón 77,Salliquelo,Salliquelo (Buenos Aires),Buenos Aires,6339,-36.7509085,-62.9586057,Privado comercial,1,420
82,Cervantes,Alvear 65,Salto,Salto (Buenos Aires),Buenos Aires,2741,-34.292986,-60.255264,Privado comercial,1,220
83,Cinepolis Merlo,Av. Juan Domingo Peron 24056,Merlo,Merlo (Buenos Aires),Buenos Aires,1718,-34.66661,-58.702902,Privado comercial,6,1315
84,Atlantica Arenas,Chiozza 1776,Mar de Ajo - San Bernardo,La Costa (Buenos Aires),Buenos Aires,7111,-36.699278,-56.677434,Privado comercial,3,1358
85,Gran Tuyu,Av. San Martin 181,San Clemente del Tuyu,La Costa (Buenos Aires),Buenos Aires,7105,-36.356863,-56.721892,Privado comercial,1,450
86,Cinemark San Justo,Av. Juan Manuel De Rosas 3990,La Matanza,La Matanza (Buenos Aires),Buenos Aires,1754,-34.685116,-58.558255,Privado comercial,6,1843
87,La Palma,Belgrano 961,San Pedro,San Pedro (Buenos Aires),Buenos Aires,2930,-33.678826,-59.668011,Privado comercial,2,471
88,Atlantica Yanel,Calle 32 372,Santa Teresita - Mar del Tuyu,La Costa (Buenos Aires),Buenos Aires,7107,-36.534911,-56.694027,Privado comercial,2,635
89,Atlantico,Calle 41 258,Santa Teresita - Mar del Tuyu,La Costa (Buenos Aires),Buenos Aires,7107,-36.54343,-56.700912,Privado comercial,1,1107
90,Cinemacenter Tandil,Panama 351,Tandil,Tandil (Buenos Aires),Buenos Aires,7000,-37.324258,-59.114758,Privado comercial,4,758
91,Espacio INCAA Unicen,Yrigoyen 662,Tandil,Tandil (Buenos Aires),Buenos Aires,7000,-37.3261317,-59.1385772,Público nacional,1,430
92,Centro Cultural Municipal Dr. Ricardo Romera,Av. 9 De Julio Y Av. San Martin,Tapalque,Tapalque (Buenos Aires),Buenos Aires,7303,-36.356939,-60.025212,Público municipal,1,264
93,Hoyts Temperley,Av. Hipolito Irigoyen 10699,Lomas de Zamora,Lomas de Zamora (Buenos Aires),Buenos Aires,1834,-34.781692,-58.406675,Privado comercial,9,2382
94,Cinemark Tortuguitas,Constituyentes Y Au. Panamericana Km 36.5,Malvinas Argentinas,Malvinas Argentinas (Buenos Aires),Buenos Aires,1667,-34.453372,-58.728969,Privado comercial,8,1905
95,Cine Barrio Alegre,9 De Julio 133,Trenque Lauquen,Trenque Lauquen (Buenos Aires),Buenos Aires,6400,-35.972252,-62.73485,Privado comercial,1,1200
96,Cine Teatro Español,Monteverde 257,Tres Lomas,Tres Lomas (Buenos Aires),Buenos Aires,6409,-36.457207,-62.862913,Privado comercial,1,300
97,Cine Teatro Jose Hernandez,Balcarce 2973,General San Martin,General San Martin (Buenos Aires),Buenos Aires,1653,-34.550658,-58.55834,Privado comercial,1,660
98,Victor Show Cinemas,El Payador 5539,Tres de Febrero,Tres de Febrero (Buenos Aires),Buenos Aires,1682,-34.58918,-58.573161,Privado comercial,3,413
99,Atlantic,Paseo 105 Entre 3 Y 2,Villa Gesell,Villa Gesell (Buenos Aires),Buenos Aires,7165,-37.25143,-56.976791,Privado comercial,1,400
100,Cine Teatro Coliseo,19 De Marzo 314,Zarate,Zarate (Buenos Aires),Buenos Aires,2800,-34.097529,-59.022145,Privado comercial,1,300
101,Cinemacenter Catamarca,Av. Guemes 850,San Fernando del Valle de Catamarca,Capital (Catamarca),Catamarca,4700,-28.475867,-65.774581,Privado comercial,5,914
102,Cines Del Solar,Intendente Mamerto Medina 220,San Fernando del Valle de Catamarca,Capital (Catamarca),Catamarca,4700,-28.464737,-65.800675,Privado comercial,5,743
103,Cinemacenter Avalos,Av. Avalos y Av. Lavalle,Resistencia,San Fernando (Chaco),Chaco,3500,-27.438214,-58.987038,Privado comercial,5,792
104,Cinemacenter Resistencia,Av. Dr. Sabin y Av. Nicolas Avellaneda,Resistencia,San Fernando (Chaco),Chaco,3500,-27.438747,-58.987285,Privado comercial,3,690
105,Los Cines De La Costa - Sarmiento,Av. Sarmiento 2600,Resistencia,San Fernando (Chaco),Chaco,3500,-27.430995,-58.962672,Privado comercial,5,820
106,Cine Coliseo,San Martin 570,Comodoro Rivadavia,Escalante (Chubut),Chubut,9000,-45.861057,-67.482581,Privado comercial,1,380
107,Cine Teatro Español,San Martin 668,Comodoro Rivadavia,Escalante (Chubut),Chubut,9000,-45.861071,-67.484072,Privado comercial,1,463
108,Auditorio Municipal De Esquel,Belgrano 330,Esquel,Futaleufu (Chubut),Chubut,9200,-42.914332,-71.33242,Público municipal,1,243
109,Sociedad Italiana - Auditorium Puerto Madryn,28 De Julio 129,Puerto Madryn,Biedma (Chubut),Chubut,9120,-42.766251,-65.035369,Privado comercial,2,486
110,Centro Cultural Jose Hernandez,Dr. Jorge Galina S/N y Mitre,Rawson,Rawson (Chubut),Chubut,9103,-43.299858,-65.099487,Privado comercial,1,400
111,Coliseo,Belgrano 375,Trelew,Rawson (Chubut),Chubut,9100,-43.252784,-65.307667,Privado comercial,1,380
112,Espacio INCAA Km 1460,9 De Julio 655,Trelew,Rawson (Chubut),Chubut,9100,-43.253461,-65.316231,Público municipal,1,100
113,Salon Municipal de Cine,28 De Julio 414,Trevelin,Futaleufu (Chubut),Chubut,9203,-43.079516,-71.463135,Público municipal,1,150
114,Angeba,Lavalle 750,Ciudad Autonoma de Buenos Aires,CABA (Ciudad Autónoma de Buenos Aires),Ciudad Autónoma de Buenos Aires,1047,-34.6024845,-58.3773438,Privado comercial,4,100
115,Arte Multiplex,Av. Cabildo 2829,Ciudad Autonoma de Buenos Aires,CABA (Ciudad Autónoma de Buenos Aires),Ciudad Autónoma de Buenos Aires,1428,-34.55597,-58.461705,Privado comercial,5,792
116,Atlas Caballito,Av. Rivadavia 5071,Ciudad Autonoma de Buenos Aires,CABA (Ciudad Autónoma de Buenos Aires),Ciudad Autónoma de Buenos Aires,1424,-34.618581,-58.437367,Privado comercial,9,1769
117,Atlas La Rural,Juncal 4431,Ciudad Autonoma de Buenos Aires,CABA (Ciudad Autónoma de Buenos Aires),Ciudad Autónoma de Buenos Aires,1425,-34.5776958,-58.4211033,Privado comercial,1,130
118,Atlas Liniers,Ramón L. Falcón 7115,Ciudad Autonoma de Buenos Aires,CABA (Ciudad Autónoma de Buenos Aires),Ciudad Autónoma de Buenos Aires,1408,-34.6401748,-58.5266769,Privado comercial,4,460
119,Atlas Paseo Alcorta,Jeronimo Salguero 3172,Ciudad Autonoma de Buenos Aires,CABA (Ciudad Autónoma de Buenos Aires),Ciudad Autónoma de Buenos Aires,1425,-34.575385,-58.403997,Privado comercial,3,432
120,Atlas Patio Bullrich,Posadas 1245,Ciudad Autonoma de Buenos Aires,CABA (Ciudad Autónoma de Buenos Aires),Ciudad Autónoma de Buenos Aires,1001,-34.588095,-58.383485,Privado comercial,3,585
121,Atlas Rivera Indarte,Rivera Indarte 44,Ciudad Autonoma de Buenos Aires,CABA (Ciudad Autónoma de Buenos Aires),Ciudad Autónoma de Buenos Aires,1406,-34.629368,-58.462523,Privado comercial,5,1263
122,Belgrano Multiplex,Vuelta De Obligado 2238,Ciudad Autonoma de Buenos Aires,CABA (Ciudad Autónoma de Buenos Aires),Ciudad Autónoma de Buenos Aires,1428,-34.560503,-58.456499,Privado comercial,8,2314
123,Centro Cultural San Martín Sala 1 y 2,Sarmiento 1551,Ciudad Autonoma de Buenos Aires,CABA (Ciudad Autónoma de Buenos Aires),Ciudad Autónoma de Buenos Aires,1042,-34.605014,-58.3887091,Público provincial,2,192
124,Cine Amigos Del Bellas Artes,Av. Pte. Figueroa Alcorta 2280,Ciudad Autonoma de Buenos Aires,CABA (Ciudad Autónoma de Buenos Aires),Ciudad Autónoma de Buenos Aires,1425,-34.583511,-58.392686,Privado comercial,1,235
125,Cine Box,Laprida 1423,Ciudad Autonoma de Buenos Aires,CABA (Ciudad Autónoma de Buenos Aires),Ciudad Autónoma de Buenos Aires,1425,-34.592435,-58.405847,Privado comercial,2,40
126,Cine del Recuerdo,Av. Juan de Garay 1267,Ciudad Autonoma de Buenos Aires,CABA (Ciudad Autónoma de Buenos Aires),Ciudad Autónoma de Buenos Aires,1153,-34.626836,-58.383669,Privado comercial,1,85
127,Cine Popular HQ,Moreno 2654,Ciudad Autonoma de Buenos Aires,CABA (Ciudad Autónoma de Buenos Aires),Ciudad Autónoma de Buenos Aires,1094,-34.6135315,-58.4036714,Privado comercial,1,158
128,Cine San Francisco,Av. Gral. Paz 10652,Ciudad Autonoma de Buenos Aires,CABA (Ciudad Autónoma de Buenos Aires),Ciudad Autónoma de Buenos Aires,1408,-34.6399054,-58.5288246,Privado comercial,1,40
129,Cinema Devoto,Jose Pedro Varela 4866,Ciudad Autonoma de Buenos Aires,CABA (Ciudad Autónoma de Buenos Aires),Ciudad Autónoma de Buenos Aires,1417,-34.611658,-58.516928,Privado comercial,8,1908
130,Cinemark Caballito,Av. La Plata 96,Ciudad Autonoma de Buenos Aires,CABA (Ciudad Autónoma de Buenos Aires),Ciudad Autónoma de Buenos Aires,1184,-34.616128,-58.428999,Privado comercial,6,898
131,Cinemark Palermo,Beruti 3399,Ciudad Autonoma de Buenos Aires,CABA (Ciudad Autónoma de Buenos Aires),Ciudad Autónoma de Buenos Aires,1425,-34.586565,-58.410421,Privado comercial,10,1738
132,Cinemark Puerto Madero,Av. Alicia M De Justo 1920,Ciudad Autonoma de Buenos Aires,CABA (Ciudad Autónoma de Buenos Aires),Ciudad Autónoma de Buenos Aires,1107,-34.622186,-58.365288,Privado comercial,8,1379
133,Cinepolis Recoleta,Vicente Lopez 2050,Ciudad Autonoma de Buenos Aires,CABA (Ciudad Autónoma de Buenos Aires),Ciudad Autónoma de Buenos Aires,1128,-34.58922,-58.392976,Privado comercial,10,1776
134,Complejo Cultural 25 de Mayo,Av. Triunvirato 4444,Ciudad Autonoma de Buenos Aires,CABA (Ciudad Autónoma de Buenos Aires),Ciudad Autónoma de Buenos Aires,1431,-34.5763369,-58.4836525,Público provincial,1,500
135,Eden - Sala 2,Santa Fe 1825,Ciudad Autonoma de Buenos Aires,CABA (Ciudad Autónoma de Buenos Aires),Ciudad Autónoma de Buenos Aires,1123,-34.595832,-58.393655,Privado comercial,1,30
136,El Páramo Cultural,Carlos Calvo 3974,Ciudad Autonoma de Buenos Aires,CABA (Ciudad Autónoma de Buenos Aires),Ciudad Autónoma de Buenos Aires,1230,-34.6250548,-58.4215037,Privado comercial,1,60
137,Gaumont,Av. Rivadavia 1635,Ciudad Autonoma de Buenos Aires,CABA (Ciudad Autónoma de Buenos Aires),Ciudad Autónoma de Buenos Aires,1033,-34.60898,-58.38964,Público nacional,3,1167
138,Hoyts Abasto,Aguero 665,Ciudad Autonoma de Buenos Aires,CABA (Ciudad Autónoma de Buenos Aires),Ciudad Autónoma de Buenos Aires,1193,-34.603485,-58.410853,Privado comercial,12,3021
139,Hoyts Panamericana,Melian 4880,Ciudad Autonoma de Buenos Aires,CABA (Ciudad Autónoma de Buenos Aires),Ciudad Autónoma de Buenos Aires,1430,-34.546344,-58.488435,Privado comercial,10,1918
140,Leopoldo Lugones,Av. Corrientes 1530,Ciudad Autonoma de Buenos Aires,CABA (Ciudad Autónoma de Buenos Aires),Ciudad Autónoma de Buenos Aires,1042,-34.604258,-58.388392,Público provincial,1,212
141,Lorca,Av. Corrientes 1428,Ciudad Autonoma de Buenos Aires,CABA (Ciudad Autónoma de Buenos Aires),Ciudad Autónoma de Buenos Aires,1042,-34.604091,-58.38682,Privado comercial,2,452
142,Malba,Av. Figuero Alcorta 3415,Ciudad Autonoma de Buenos Aires,CABA (Ciudad Autónoma de Buenos Aires),Ciudad Autónoma de Buenos Aires,1425,-34.577273,-58.403747,Privado comercial,1,224
143,Monumental Lavalle,Lavalle 780,Ciudad Autonoma de Buenos Aires,CABA (Ciudad Autónoma de Buenos Aires),Ciudad Autónoma de Buenos Aires,1047,-34.602358,-58.377801,Privado comercial,7,1270
144,Nueva Victoria,Hipolito Yrigoyen 965,Ciudad Autonoma de Buenos Aires,CABA (Ciudad Autónoma de Buenos Aires),Ciudad Autónoma de Buenos Aires,1086,-34.6094911,-58.3800409,Privado comercial,2,115
145,Popular Ecuador,Ecuador 54,Ciudad Autonoma de Buenos Aires,CABA (Ciudad Autónoma de Buenos Aires),Ciudad Autónoma de Buenos Aires,1214,-34.6097095,-58.4090281,Privado comercial,1,147
146,Raúl González Tuñón,Av. Corrientes 1543,Ciudad Autonoma de Buenos Aires,CABA (Ciudad Autónoma de Buenos Aires),Ciudad Autónoma de Buenos Aires,1042,-34.6040092,-58.3885434,Privado comercial,1,94
147,Showcase Cinemas Belgrano,Monroe 1655,Ciudad Autonoma de Buenos Aires,CABA (Ciudad Autónoma de Buenos Aires),Ciudad Autónoma de Buenos Aires,1428,-34.553878,-58.452868,Privado comercial,10,2082
148,UBA - Cosmos,Av. Corrientes 2046,Ciudad Autonoma de Buenos Aires,CABA (Ciudad Autónoma de Buenos Aires),Ciudad Autónoma de Buenos Aires,1045,-34.604629,-58.396198,Público nacional,2,190
149,Yrigoyen,Hipolito Yrigoyen 945,Ciudad Autonoma de Buenos Aires,CABA (Ciudad Autónoma de Buenos Aires),Ciudad Autónoma de Buenos Aires,1086,-34.6093723,-58.3796419,Privado comercial,2,64
150,Microcine Centro Cultural Recoleta,Junin 1930,Ciudad Autonoma de Buenos Aires,CABA (Ciudad Autónoma de Buenos Aires),Ciudad Autónoma de Buenos Aires,1113,-34.586753,-58.391672,Público provincial,1,100
151,Cinemacenter Alta Gracia,Belgrano 466,Alta Gracia,Santa Maria (Córdoba),Córdoba,5186,-31.658439,-64.4284228,Privado comercial,3,431
152,Dinosaurio Mall Alta Gracia,Gabino Ezeiza 1080,Alta Gracia,Santa Maria (Córdoba),Córdoba,5186,-31.3743198,-64.1888852,Privado comercial,2,317
153,Cine Cooperativo Berrotarán,ROGELIO MARTINEZ y MARIANO MORENO,Berrotaran,Rio Cuarto (Córdoba),Córdoba,5817,-32.451917,-64.388374,Privado comercial,1,419
154,El Jardín de las Delicias,Bv. San Juan 49,Cordoba,Capital (Córdoba),Córdoba,5000,-31.4209116,-64.186749,Público municipal,1,194
155,Cine Moderno,Antonio G. Almada 172,La Francia,San Justo (Córdoba),Córdoba,2426,-31.404247,-62.632551,Privado comercial,1,441
156,Cinema 2000 Auditorium,Belgrano y Rafael Nuñez,Arroyito,San Justo (Córdoba),Córdoba,2434,-31.415409,-63.050541,Privado comercial,1,207
157,Sudcinemas Bell Ville,Mitre 61,Bell Ville,Union (Córdoba),Córdoba,5900,-32.630182,-62.686628,Privado comercial,2,324
158,Guillermo J. Nolter,Moreno Y Sarmiento,Canals,Union (Córdoba),Córdoba,2650,-33.561974,-62.881592,Privado comercial,1,200
159,Enrique Muiño,Dean Funes 526,Capilla del Monte,Punilla (Córdoba),Córdoba,5184,-30.8588602,-64.5249864,Privado comercial,1,413
160,Cines Gran Rex,Av. Gral. Paz 174,Cordoba,Capital (Córdoba),Córdoba,5000,-31.413467,-64.185517,Privado comercial,8,1201
161,Complejo Cinerama,Av. Colon 345,Cordoba,Capital (Córdoba),Córdoba,5000,-31.41215,-64.18797,Privado comercial,4,755
162,Dinosaurio Mall 60 Cuadras,Av. Circunvalacion Agustin Tosco 4552,Cordoba,Capital (Córdoba),Córdoba,5014,-31.455392,-64.139799,Privado comercial,2,307
163,Dinosaurio Mall Alto Verde,Rodriguez Del Busto 4086,Cordoba,Capital (Córdoba),Córdoba,5009,-31.374331,-64.222543,Privado comercial,7,1193
164,Dinosaurio Mall Ruta 20,Av. Fuerza Aerea 1700,Cordoba,Capital (Córdoba),Córdoba,5009,-31.430367,-64.213755,Privado comercial,7,1385
165,Hoyts Nuevo Centro Cordoba,Duarte Quiros 1400,Cordoba,Capital (Córdoba),Córdoba,5000,-31.413218,-64.204384,Privado comercial,6,960
166,Hoyts Patio Olmos,Av. Velez Sarsfield 361,Cordoba,Capital (Córdoba),Córdoba,5000,-31.419463,-64.188813,Privado comercial,8,986
167,Showcase Cordoba,J.A. Goyechea 2851,Cordoba,Capital (Córdoba),Córdoba,5009,-31.37983,-64.214238,Privado comercial,12,2386
168,Cine Arte Córdoba,27 De Abril 275,Cordoba,Capital (Córdoba),Córdoba,5000,-31.415918,-64.188507,Privado comercial,1,210
169,Cine Aida,Thomas Edison 2126,Cruz del Eje,Cruz del Eje (Córdoba),Córdoba,5280,-30.721123,-64.809898,Privado comercial,1,444
170,Cine Teatro Coop Luz y Fuerza,Mitre 31,Elena,Rio Cuarto (Córdoba),Córdoba,5815,-32.571612,-64.393329,Privado comercial,1,279
171,Las Tipas Jesus Maria,Ruta Nacional 9 Esq. Corrientes,Jesus Maria,Colon (Córdoba),Córdoba,5220,-30.977117,-64.08461,Privado comercial,3,623
172,Las Tipas Morteros,Bv. Illia 232,Morteros,San Justo (Córdoba),Córdoba,2421,-30.709913,-62.004292,Privado comercial,2,300
173,Centro Cultural Leonardo Favio,Buenos Aires 55,Rio Cuarto,Rio Cuarto (Córdoba),Córdoba,5800,-33.124306,-64.349166,Público provincial,1,219
174,Cines Del Paseo,Av. Mugnaini Y Sobremonte,Rio Cuarto,Rio Cuarto (Córdoba),Córdoba,5800,-33.118053,-64.346569,Privado comercial,4,955
175,Strike,Velez Sarfield 143,Rio Tercero,Tercero Arriba (Córdoba),Córdoba,5850,-32.173616,-64.112293,Privado comercial,2,400
176,Dinosaurio Mall Salsipuedes,Av. Sarmiento 1007,Salsipuedes,Colon (Córdoba),Córdoba,5113,-31.126828,-64.296023,Privado comercial,2,322
177,Las Tipas San Francisco,Iturraspe 1448,San Francisco,San Justo (Córdoba),Córdoba,2400,-31.429048,-62.082118,Privado comercial,3,620
178,Espacio Incaa Unquillo,San Martin 1505,Unquillo,Colon (Córdoba),Córdoba,5109,-31.2376037,-64.3120955,Público municipal,1,220
179,Sala C.E.Y.A.L,Av. Carlos S. Yde 1056,Vicuna Mackenna,Rio Cuarto (Córdoba),Córdoba,6140,-33.92201,-64.391679,Privado comercial,1,850
180,Showcase Villa Allende,Rio De Janeiro 1725,Villa Allende,Colon (Córdoba),Córdoba,5105,-31.29374,-64.290766,Privado comercial,3,563
181,Holiday Cines,9 De Julio 53,Villa Carlos Paz,Punilla (Córdoba),Córdoba,5152,-31.42071,-64.499959,Privado comercial,4,1000
182,Cine General Paz,Sarmiento 731,Villa del Rosario,Rio Segundo (Córdoba),Córdoba,5963,-31.553891,-63.53414,Privado comercial,1,412
183,Eter Cine,Felipe Erdman 145,Villa Dolores,San Javier (Córdoba),Córdoba,5870,-31.944437,-65.192108,Privado comercial,2,400
184,Centro Cultural Leonardo Favio,Av. Sabattini 200,Villa Maria,General San Martin (Córdoba),Córdoba,5900,-32.410815,-63.248169,Público municipal,1,200
185,Sudcinemas,"Ruta Nacional 158 Km 155,5",Villa Maria,General San Martin (Córdoba),Córdoba,5900,-32.41003,-63.262294,Privado comercial,4,800
186,Sunstar Cordoba,Ricardo Rojas 9200,Cordoba,Capital (Córdoba),Córdoba,5008,-31.335765,-64.289746,Privado comercial,6,1398
187,Fantasio,Salta 1059,Bella Vista,Bella Vista (Corrientes),Corrientes,3432,-28.508494,-59.045464,Privado comercial,1,240
188,Cinemacenter Corrientes,Av. Pedro Ferre y Chacabuco,Corrientes,Capital (Corrientes),Corrientes,3400,-27.46464,-58.810635,Privado comercial,5,1140
189,De La Costa Costanera,Carlos Pellegrini 451/311,Corrientes,Capital (Corrientes),Corrientes,3400,-27.464752,-58.843015,Privado comercial,2,358
190,De La Costa Shopping,Av. Centenario 3535,Corrientes,Capital (Corrientes),Corrientes,3400,-27.481359,-58.766998,Privado comercial,4,562
191,Sociedad Rural,Beron De Astrada 641,Curuzu Cuatia,Curuzu Cuatia (Corrientes),Corrientes,3460,-29.790473,-58.054474,Privado comercial,1,300
192,Cines del Litoral Goya,España 659,Goya,Goya (Corrientes),Corrientes,3450,-29.144283,-59.266741,Privado comercial,2,370
193,Cine Teatro Opera,Los 108 941,Paso de los Libres,Paso de los Libres (Corrientes),Corrientes,3230,-29.7137101,-57.0855601,Privado comercial,1,200
194,Cine Boulevard,Av. Illia Y Chocho Vivanco,Gualeguay,Gualeguay (Entre Ríos),Entre Ríos,2840,-33.127799,-59.322437,Privado comercial,2,440
195,Cine Gran Libertad,3 De Febrero 3060,Chajari,Federacion (Entre Ríos),Entre Ríos,3228,-30.759415,-57.984929,Privado comercial,1,400
196,Starlight Cinema Digital,Calle 12 De Abril 287,Colon,Colon (Entre Ríos),Entre Ríos,3280,-32.22154,-58.138713,Privado comercial,2,154
197,Cine Teatro San Martin,Estrada 820,Concepcion del Uruguay,Uruguay (Entre Ríos),Entre Ríos,3260,-32.48,-58.235156,Privado comercial,1,457
198,Teatro Gran Odeon,Entre Rios 567,Concordia,Concordia (Entre Ríos),Entre Ríos,3200,-31.398151,-58.018999,Privado comercial,1,664
199,Altos Del Gualeguay,Rocamora 33,Gualeguay,Gualeguay (Entre Ríos),Entre Ríos,2840,-33.150323,-59.311609,Privado comercial,1,198
200,Cinema Gualeguaychu,25 De Mayo 1383,Gualeguaychu,Gualeguaychu (Entre Ríos),Entre Ríos,2820,-33.009937,-58.525474,Privado comercial,1,330
201,Cine Circulo Obrero,Andres Pazos 339,Parana,Parana (Entre Ríos),Entre Ríos,3100,-31.732929,-60.524631,Privado comercial,2,300
202,Cine Urquiza,25 De Mayo 1849,San Jose,Colon (Entre Ríos),Entre Ríos,3283,-32.212515,-58.217901,Privado comercial,1,250
203,Sala Municipal Cine Teatro Victoria,Alem 64,Victoria,Victoria (Entre Ríos),Entre Ríos,3153,-32.6202247,-60.1572386,Público municipal,1,299
204,Cine Teatro Berisso,San Martin 540,Villaguay,Villaguay (Entre Ríos),Entre Ríos,3240,-31.865115,-59.027433,Privado comercial,1,350
205,El Pajarito Avenida,Av. Juan Domingo Peron 757,Formosa,Formosa (Formosa),Formosa,3600,-26.169497,-58.181483,Privado comercial,3,619
206,Cine Teatro Altos Hornos Zapla,Av. Rio De La Plata 383,Palpala,Palpala (Jujuy),Jujuy,4612,-24.2575926,-65.213095,Privado comercial,1,1100
207,Cine Auditorium,Independencia Esq. Italia S/N,San Salvador de Jujuy,Dr. Manuel Belgrano (Jujuy),Jujuy,4600,-24.187252,-65.292851,Otro,1,201
208,Cine Teatro Alfa,Patricias Argentinas 360,San Salvador de Jujuy,Dr. Manuel Belgrano (Jujuy),Jujuy,4600,-24.184494,-65.311156,Privado comercial,2,856
209,Barbarita Cruz,Belgrano 547,Tilcara,Tilcara (Jujuy),Jujuy,4624,-23.577105,-65.393961,Privado comercial,1,120
210,Espacio Incaa-Cine & Teatro Pico,Calle 17 957,General Pico,Maraco (La Pampa),La Pampa,6360,-35.6605302,-63.7528695,Privado comercial,1,534
211,Gran Pampa,Calle 20 642,General Pico,Maraco (La Pampa),La Pampa,6360,-35.658982,-63.753935,Privado comercial,1,730
212,Amadeus,Coronel Gil 31,Santa Rosa,Capital (La Pampa),La Pampa,6300,-36.619904,-64.289902,Privado comercial,1,223
213,Milenium,Escalante 270,Santa Rosa,Capital (La Pampa),La Pampa,6300,-36.623122,-64.294797,Privado comercial,1,352
214,Sala Auditorio Juan C. Bustriazo Ortiz,Quintana 172,Santa Rosa,Capital (La Pampa),La Pampa,6300,-36.6188275,-64.2933999,Público municipal,1,118
215,Cine El Progreso,9 De Julio 85,Aimogasta,Arauco (La Rioja),La Rioja,5310,-28.5600409,-66.8106825,Otro,1,285
216,Cinema 3D Chilecito,La Plata y 19 De Febrero,Chilecito,Chilecito (La Rioja),La Rioja,5360,-29.163011,-67.495688,Privado comercial,2,216
217,Cinema 3D Pelagio B. Luna,Pelagio Luna 960,La Rioja,Capital (La Rioja),La Rioja,5300,-29.412799,-66.861693,Privado comercial,2,292
218,Cinema 3D San Martin,San Martin 62,La Rioja,Capital (La Rioja),La Rioja,5300,-29.41478,-66.857701,Privado comercial,1,72
219,Cinemacenter La Rioja,Av. Abel Bazan Y Bustos 710,La Rioja,Capital (La Rioja),La Rioja,5300,-29.4115252,-66.8581498,Privado comercial,4,769
220,Espacio 73,Catamarca 73,La Rioja,Capital (La Rioja),La Rioja,5300,-29.412852,-66.8593276,Público provincial,1,128
221,Cineteatro Antonio Lafalla,Av. Alvear Oeste 437,General Alvear,General Alvear (Mendoza),Mendoza,5620,-34.9783447,-67.6949329,Público municipal,1,122
222,Cinemark Palmares,Ruta Panamericana 2650,Godoy Cruz,Godoy Cruz (Mendoza),Mendoza,5501,-32.952537,-68.855684,Privado comercial,10,1681
223,Tadicor Las Heras,Juan Dragui Lucero 1450,Las Heras,Las Heras (Mendoza),Mendoza,5539,-32.853189,-68.808148,Privado comercial,2,284
224,Cine Teatro Imperial,Pablo Pescara Y Peron,Maipu,Maipu (Mendoza),Mendoza,5515,-32.9829303,-68.7872276,Privado comercial,1,600
225,Cinepolis Arena Maipu,Emilio Civit Y Maza,Maipu,Maipu (Mendoza),Mendoza,5515,-32.974843,-68.796178,Privado comercial,5,949
226,Sala Maiten,Ruta 40 Norte Y Pje Orteguina,Malargue,Malargue (Mendoza),Mendoza,5613,-35.48035,-69.58467,Público municipal,1,160
227,Cine Universidad,Juan Agustín Maza 250,Mendoza,Capital (Mendoza),Mendoza,5500,-32.888547,-68.837395,Público nacional,2,350
228,Cinemacenter Mendoza,Las Cañas 1833,Mendoza,Capital (Mendoza),Mendoza,5519,-32.912576,-68.820262,Privado comercial,6,1361
229,Cinepolis Mendoza,Av. Acceso Este 3280 Lateral Norte,Mendoza,Capital (Mendoza),Mendoza,5521,-32.902037,-68.798003,Privado comercial,10,2344
230,Microcine Municipal David Eisenchlas,9 De Julio 500,Mendoza,Capital (Mendoza),Mendoza,5500,-32.896563,-68.842488,Público municipal,1,115
231,Porky`S,Lavalle 32,Mendoza,Capital (Mendoza),Mendoza,5500,-32.888518,-68.838264,Privado comercial,1,70
232,Centro Cultural Juan Centorbi,Lavalle 740,Rivadavia,Rivadavia (Mendoza),Mendoza,5577,-33.193378,-68.46537,Público municipal,1,963
233,Cine Cervantes San Martin,9 De Julio 187,San Martin,San Martin (Mendoza),Mendoza,5570,-33.080928,-68.471596,Privado comercial,1,328
234,Tadicor San Martin,Lateral Sur Ruta Nacional 7 Sin Nro,San Martin,San Martin (Mendoza),Mendoza,5570,-32.853468,-68.808184,Privado comercial,2,302
235,Centro Cultural San Rafael del Diamante,Av. Hipolito Yrigoyen 280,San Rafael,San Rafael (Mendoza),Mendoza,5600,-34.6148225,-68.3331498,Público municipal,1,690
236,Cine Amelix,San Martin 139,San Rafael,San Rafael (Mendoza),Mendoza,5600,-34.614613,-68.329305,Privado comercial,2,359
237,Cinema Américo,La Gloria 1777,Tupungato,Tupungato (Mendoza),Mendoza,5561,-33.3494216,-69.1512149,Privado comercial,1,113
238,Cine Teatro Obera,San Martin 1069,Obera,Obera (Misiones),Misiones,3360,-27.488208,-55.122305,Público municipal,1,220
239,Microcines Obera,Av. Sarmiento 1044,Obera,Obera (Misiones),Misiones,3360,-27.48614,-55.123172,Privado comercial,2,292
240,Imax Del Conocimiento,Ruta 12 Y Acceso Oeste (Av. Ulises Lopez),Posadas,Capital (Misiones),Misiones,3300,-27.396198,-55.963477,Público provincial,1,546
241,Sunstar Posadas,Bolivar 1979,Posadas,Capital (Misiones),Misiones,3300,-27.366775,-55.895626,Privado comercial,4,559
242,Cinemark Neuquén,Av. Dr. Ramón 355,Neuquen,Confluencia (Neuquén),Neuquén,8300,-38.9420114,-68.064777,Privado comercial,6,1113
243,Auditorio Casa de la Cultura,Perón y 20 de Diciembre,Rincon de los Sauces,Pehuenches (Neuquén),Neuquén,8319,-37.389866,-68.923387,Público municipal,1,98
244,Cine Rex Cutral Co,Av. Del Trabajo 676,Cutral Co,Confluencia (Neuquén),Neuquén,8200,-38.937145,-69.228886,Privado comercial,1,290
245,Cine Teatro Español,Av. Argentina 245,Neuquen,Confluencia (Neuquén),Neuquén,8300,-38.952502,-68.0588685,Privado comercial,1,639
246,Cinepolis Neuquen,Av. Antartida Argentina 1111,Neuquen,Confluencia (Neuquén),Neuquén,8300,-38.947535,-68.080141,Privado comercial,7,1894
247,Centro Cultural Cotesma,Gral. Roca 1154,San Martin de los Andes,Lacar (Neuquén),Neuquén,8370,-40.157383,-71.3518372,Privado comercial,2,398
248,Cine Teatro Municipal Amado Sapag,San Martin 281,Zapala,Zapala (Neuquén),Neuquén,8340,-38.9035456,-70.0649182,Público municipal,1,738
249,Lorenzo Kelly,Fernandez Oro 55,Cipolletti,General Roca (Río Negro),Río Negro,8324,-38.940545,-68.0012023,Público municipal,1,140
250,Sunstar Bariloche,Onelli 447,San Carlos de Bariloche,Bariloche (Río Negro),Río Negro,8400,-41.133472,-71.310278,Privado comercial,3,461
251,Cine Teatro Español,Av. Roca 326,Cinco Saltos,General Roca (Río Negro),Río Negro,8303,-38.828301,-68.064467,Privado comercial,1,320
252,Cine Rex Gral. Roca,Av. Roca 1585,General Roca,General Roca (Río Negro),Río Negro,8332,-39.027377,-67.575436,Privado comercial,2,300
253,Cine Rex Viedma,Gallardo 160,Viedma,Adolfo Alsina (Río Negro),Río Negro,8500,-40.810812,-62.988497,Privado comercial,1,350
254,Cine Teatro Circulo Italiano,Av. Rivadavia 117,Villa Regina,General Roca (Río Negro),Río Negro,8336,-39.0932636,-67.0839256,Privado comercial,1,661
255,Cine Municipal De La Cultura Oran,Hipolito Yrigoyen 137,San Ramon de la Nueva Oran,Oran (Salta),Salta,4530,-23.1351322,-64.3222154,Público municipal,1,280
256,Cine Opera,Urquiza 560,Salta,Capital (Salta),Salta,4400,-24.792403,-65.410758,Privado comercial,2,682
257,Cine Rex,Av. San Martin 1170,Salta,Capital (Salta),Salta,4400,-24.792967,-65.419175,Privado comercial,2,353
258,Cinemark Salta,Av. Monseñor Tavella 4400,Salta,Capital (Salta),Salta,4400,-24.832302,-65.428458,Privado comercial,5,897
259,Hoyts Nuevo Noa,Virrey Toledo 702,Salta,Capital (Salta),Salta,4400,-24.781472,-65.403547,Privado comercial,8,1362
260,Cine Club Center,20 De Febrero 19,San Jose de Metan (Est. Metan),Metan (Salta),Salta,4440,-25.4998463,-64.974178,Privado comercial,1,80
261,Open Plaza,Guemes 421,Tartagal,Grl. Jose de San Martin (Salta),Salta,4560,-22.515933,-63.805018,Privado comercial,1,220
262,Cinemacenter San Juan,Av. Circunvalacion Y Scalabrini Ortiz,San Juan,Capital (San Juan),San Juan,5400,-31.522593,-68.542604,Privado comercial,8,1803
263,CPM Espacio San Juan,Av. Jose Ignacio De La Roza Oeste 806,San Juan,Capital (San Juan),San Juan,5417,-31.539871,-68.572839,Privado comercial,5,849
264,Play Cinema San Juan,Av. Libertador 1826 (Oeste),San Juan,Capital (San Juan),San Juan,5400,-31.531766,-68.551432,Privado comercial,6,1071
265,UPCN - San Juan,Sarmiento 461 Sur,San Juan,Capital (San Juan),San Juan,5400,-31.52639,-68.533644,Privado comercial,1,298
266,Cine Star Merlo,Av. Del Sol 1120,Merlo,Junin (San Luis),San Luis,5881,-32.346991,-64.998214,Privado comercial,1,100
267,Cinemacenter San Luis,J. A. Roca 260,San Luis,La Capital (San Luis),San Luis,5700,-33.309224,-66.327647,Privado comercial,7,1951
268,Cines Fenix,Pueyrredon 1651,Villa Mercedes,General Pedernera (San Luis),San Luis,5730,-33.663019,-65.464344,Privado comercial,3,475
269,Cine Municipal Caleta Olivia,J. Newbery y Deocarets S/N,Caleta Olivia,Deseado (Santa Cruz),Santa Cruz,9011,-46.437506,-67.52675,Privado comercial,1,350
270,Cine Select,Av. Gregorio Ibañez 388,Comandante Luis Piedrabuena,Corpen Aike (Santa Cruz),Santa Cruz,9303,-49.983691,-68.90921,Público municipal,1,288
271,Cine Municipal Abuelas de Plaza de Mayo,Av. San Martin 514,Gobernador Gregores,Rio Chico (Santa Cruz),Santa Cruz,9311,-48.750801,-70.246605,Público municipal,1,80
272,Osvaldo Jorge Bayer,13 De Diciembre Y Malvinas S/N,Las Heras,Deseado (Santa Cruz),Santa Cruz,9017,-46.538589,-68.944153,Privado comercial,1,196
273,"Cine Auditorio Deseado ESPACIO INCAA""""",Don Bosco 1075,Puerto Deseado,Deseado (Santa Cruz),Santa Cruz,9050,-47.7520538,-65.8951281,Privado comercial,1,142
274,Cine Teatro Talia,25 De Mayo 1188,Puerto San Julian,Magallanes (Santa Cruz),Santa Cruz,9310,-49.315227,-67.722103,Privado comercial,1,340
275,Auditorio Municipal,25 De Mayo 513,Puerto Santa Cruz,Corpen Aike (Santa Cruz),Santa Cruz,9300,-50.016472,-68.517896,Público municipal,1,150
276,Cine Rio Gallegos,Av. Nestor Kirchner 1142,Rio Gallegos,Guer Aike (Santa Cruz),Santa Cruz,9400,-51.619917,-69.218735,Privado comercial,3,290
277,Luna De Avellaneda,Av. San Martin 810,Avellaneda,General Obligado (Santa Fe),Santa Fe,3561,-29.118061,-59.654853,Privado comercial,1,299
278,Cine Teatro Libertador,Buenos Aires 2441,Casilda,Caseros (Santa Fe),Santa Fe,2170,-33.046245,-61.169568,Privado comercial,1,1014
279,E-Max Cines,Brigadier Lopez 1471,Esperanza,Las Colonias (Santa Fe),Santa Fe,3080,-31.450826,-60.895483,Privado comercial,3,584
280,Cine Teatro Municipal Manuel Belgrano,Bv. Santa Fe 555,Rafaela,Castellanos (Santa Fe),Santa Fe,2300,-31.2537076,-61.4856456,Público municipal,1,1049
281,Las Tipas Rafaela,C. Conscripto Zurbriggen 865,Rafaela,Castellanos (Santa Fe),Santa Fe,2300,-31.242567,-61.505319,Privado comercial,4,920
282,Cine Recite,Habegger 755,Reconquista,General Obligado (Santa Fe),Santa Fe,3560,-29.148596,-59.642839,Privado comercial,1,156
283,Arteon,Sarmiento 778,Rosario,Rosario (Santa Fe),Santa Fe,2000,-32.946182,-60.638166,Privado comercial,1,186
284,Centro Cultural Cine Lumiere,Velez Sarfield 1029,Rosario,Rosario (Santa Fe),Santa Fe,2000,-32.924992,-60.677156,Público municipal,1,420
285,Cinepolis Rosario,Eva Peron 5856,Rosario,Rosario (Santa Fe),Santa Fe,2000,-32.933053,-60.712949,Privado comercial,13,3458
286,Cines Del Centro,Rioja 1660,Rosario,Rosario (Santa Fe),Santa Fe,2000,-32.946177,-60.646324,Privado comercial,4,659
287,El Cairo,Santa Fe 1120,Rosario,Rosario (Santa Fe),Santa Fe,2000,-32.95144,-60.639437,Público provincial,1,442
288,Hoyts Rosario,Nansen 323,Rosario,Rosario (Santa Fe),Santa Fe,2000,-32.909461,-60.683084,Privado comercial,9,1911
289,Microcine De La Cortada,Ctda Ricardone 1244,Rosario,Rosario (Santa Fe),Santa Fe,2000,-32.94773,-60.640286,Privado comercial,1,96
290,Monumental Rosario,San Martin 993,Rosario,Rosario (Santa Fe),Santa Fe,2000,-32.94899,-60.637338,Privado comercial,9,1471
291,Showcase Rosario,Junin 501,Rosario,Rosario (Santa Fe),Santa Fe,2000,-32.926503,-60.670806,Privado comercial,14,3391
292,Sala Hispano,Av. Cobo 185,Rufino,General Lopez (Santa Fe),Santa Fe,6100,-34.2630949,-62.7115517,Público municipal,1,330
293,Las Tipas San Jorge,Eva Peron 1388,San Jorge,San Martin (Santa Fe),Santa Fe,2451,-31.895262,-61.8595,Privado comercial,1,260
294,Brown Cinema 3D,Cangallo 304,San Vicente,Castellanos (Santa Fe),Santa Fe,2447,-31.698952,-61.567196,Privado comercial,1,224
295,Cine America,25 De Mayo 3075,Santa Fe,La Capital (Santa Fe),Santa Fe,3000,-31.640525,-60.70422,Privado comercial,1,380
296,Cinemark Santa Fe,Dique 1 Puerto Santa Fe,Santa Fe,La Capital (Santa Fe),Santa Fe,3000,-31.648852,-60.70404,Privado comercial,7,1527
297,Cinema Casey,Av. Casey 790,Venado Tuerto,General Lopez (Santa Fe),Santa Fe,2600,-33.746371,-61.968125,Privado comercial,2,249
298,Cine Teatro Municipal Renzi,Av. Besares 151,La Banda,Banda (Santiago del Estero),Santiago del Estero,4300,-27.7317514,-64.2426123,Público municipal,1,152
299,Cinemacenter La Banda,Aut. Juan D. Peron S/N Parque Industrial,La Banda,Banda (Santiago del Estero),Santiago del Estero,4200,-27.762487,-64.244804,Privado comercial,3,822
300,Sunstar Santiago del Estero,Av. Rivadavia Y Ejercito Argentino,Santiago del Estero,Capital (Santiago del Estero),Santiago del Estero,4200,-27.78442,-64.267281,Privado comercial,5,1585
301,Nuevo Cine Rex,Bolivar 15,Termas de Rio Hondo,Rio Hondo (Santiago del Estero),Santiago del Estero,4220,-27.496838,-64.85833,Privado comercial,1,233
302,El Cine,9 De Julio 838,Rio Grande,Rio Grande (Tierra del Fuego),Tierra del Fuego,9420,-53.790081,-67.697959,Privado comercial,2,584
303,Cine Teatro Pakewaia,Yaganes Y Gob Paz (Base Naval),Ushuaia,Ushuaia (Tierra del Fuego),Tierra del Fuego,9410,-54.801912,-68.302951,Privado comercial,1,300
304,Sunstar Ushuaia,Av. Perito Moreno 1460,Ushuaia,Ushuaia (Tierra del Fuego),Tierra del Fuego,9410,-54.7999427,-68.2801151,Privado comercial,3,561
305,Atlas Vía 24,24 de Septiembre 757,San Miguel de Tucuman,Capital (Tucumán),Tucumán,4000,-26.8301689,-65.2087418,Privado comercial,2,264
306,Cine Popular San Miguel de Tucumán,Lavalle 688,San Miguel de Tucuman,Capital (Tucumán),Tucumán,4000,-26.8387931,-65.2094995,Privado comercial,1,50
307,Sala Hynes O´Connor,San Martín 251,San Miguel de Tucuman,Capital (Tucumán),Tucumán,4000,-26.8302371,-65.2005846,Público provincial,1,80
308,Cine Popular de Yerba Buena,Av. Aconquija 2060,Yerba Buena - Marcos Paz,Yerba Buena (Tucumán),Tucumán,4107,-26.8123017,-65.3003126,Privado comercial,1,50
309,Atlas Shopping Terminal,Av. Brigido Teran 250,San Miguel de Tucuman,Capital (Tucumán),Tucumán,4000,-26.834701,-65.194059,Privado comercial,2,219
310,Atlas Tucuman,Monteagudo 250,San Miguel de Tucuman,Capital (Tucumán),Tucumán,4000,-26.828516,-65.199312,Privado comercial,3,797
311,Cinemacenter Tucuman,Av. Nestor Kirchner(Ex Av. Roca) 3450,San Miguel de Tucuman,Capital (Tucumán),Tucumán,4000,-26.83447,-65.252298,Privado comercial,5,1051
312,Espacio Incaa Sala Orestes Caviglia,San Martin 251,San Miguel de Tucuman,Capital (Tucumán),Tucumán,4000,-26.8303703,-65.200703,Público provincial,1,183
313,Microcine Orion,Av. Mitre 817,San Miguel de Tucuman,Capital (Tucumán),Tucumán,4000,-26.817212,-65.215481,Público municipal,1,36
314,Solar del Cerro,Av. Aconquija 1336,Yerba Buena - Marcos Paz,Yerba Buena (Tucumán),Tucumán,4107,-26.814179,-65.288937,Privado comercial,5,750
315,Sunstar Tucuman,Av. Fermin Carriola 42,Yerba Buena - Marcos Paz,Yerba Buena (Tucumán),Tucumán,4107,-26.820976,-65.265894,Privado comercial,6,1295
